code,name,x1,x2,x3,x4,x5,x6,x7,x8,x9,x10
600146.00000,大元股,1531125205.05000,-1992738.88000,-121376966.42000,-121764217.45000,-0.60882,1.74921,-34.80553,-30.03690,405382146.30000,200000000.00000
600647.00000,ST同,27002148.35000,6971634.75000,-21811261.64000,-21513240.21000,-0.40199,-0.48818,82.34453,-28.37025,75830287.75000,53516750.00000
900950.00000,新城Ｂ,106581996.90000,-6138073.95000,-209356318.19000,-191123711.38000,-0.57582,1.06101,-54.27099,-24.91687,767045438.82000,331914000.00000
600082.00000,ST海,536170246.35000,22818078.03000,-83143687.79000,-83249934.87000,-0.55879,2.17257,-25.72054,-23.72260,350930945.92000,148980783.00000
600069.00000,银鸽投,183099889.00000,1185388.96000,-228540095.47000,-227809995.53000,-0.61305,1.01731,-60.26215,-23.71287,960701823.91000,371600000.00000
600807.00000,济南百,41822074.43000,-1555296.59000,-95266780.06000,-92088995.29000,-0.85325,1.27531,-66.90541,-22.58106,407815257.19000,107926994.50000
600622.00000,ST嘉,190805857.19000,36168801.02000,-146869030.61000,-149637910.96000,-0.44843,1.33284,-33.64507,-20.09242,744747981.82000,333688309.00000
600646.00000,国嘉实,6924218.04000,1492853.61000,-173715966.46000,-168139583.00000,-0.93561,0.56631,-165.21048,-20.04970,838613835.26000,179709870.00000
600792.00000,ST马,80638328.04000,8983359.81000,-25752813.60000,-25752813.60000,-0.50495,1.38687,-36.40972,-16.65826,154594876.93000,51000000.00000
600139.00000,鼎天科,193930587.25000,21352112.12000,-63466471.60000,-63466471.60000,-0.83497,1.36660,-61.09868,-15.48063,409973549.25000,76010200.00000
600858.00000,ST渤,27752937.85000,5060038.76000,-34137030.35000,-33635161.10000,-0.27718,0.88450,-31.33762,-15.17480,221651402.78000,121346720.00000
600786.00000,ST东,489537181.43000,4035372.31000,-180222782.31000,-180596361.74000,-0.85480,0.71453,-119.63146,-13.88331,1300816719.13000,211271181.00000
600749.00000,西藏圣,30733718.75000,11049925.40000,-27086362.27000,-26837744.30000,-0.33547,1.04329,-32.15524,-13.84901,193788226.46000,80000000.00000
600781.00000,民丰实,210705933.78000,-555485.29000,-74470628.68000,-70386466.75000,-0.39633,1.09845,-36.08138,-12.91267,545096209.03000,177592864.00000
600669.00000,ST鞍合,48449362.82000,-2235032.47000,-102634566.59000,-98735225.00000,-0.42526,0.94442,-45.02936,-11.23380,878911725.72000,232170832.00000
600715.00000,ST松,0.00000,0.00000,-62710244.53000,-62710244.53000,-0.27963,0.85976,-32.52497,-10.47309,598774921.89000,224256000.00000
600875.00000,东方电,370292656.26000,33400146.98000,-261499006.41000,-261349054.18000,-0.58077,1.96851,-29.50325,-10.13758,2578023232.34000,450000000.00000
600234.00000,天龙集,139638844.78000,41930016.54000,-68383134.29000,-68383134.29000,-0.72856,2.34625,-31.05237,-10.06583,679359152.38000,93860000.00000
600743.00000,ST幸,287408661.50000,8183136.38000,-24150875.01000,-24150875.01000,-0.07720,0.32737,-23.58443,-9.55083,252866882.03000,312800000.00000
600621.00000,上海金,904430571.51000,188272143.19000,-118765856.69000,-126165071.23000,-0.24073,1.59934,-15.05218,-8.94425,1410571873.20000,524082351.00000
600766.00000,烟台发,218272192.21000,28219403.66000,-80683864.12000,-75390442.75000,-0.44045,1.52205,-28.93817,-8.90295,846802705.53000,171165513.00000
600693.00000,东百集,603507594.14000,44021672.74000,-61942682.63000,-59436774.03000,-0.45024,2.42382,-18.57600,-8.85630,671124333.51000,132008690.00000
600873.00000,西藏明,50438007.14000,39783504.89000,-35474567.85000,-35474567.85000,-0.32775,1.98181,-16.53790,-8.54780,415014026.39000,108236603.00000
600678.00000,四川金,428809346.19000,142251070.50000,-87105869.90000,-79836842.65000,-0.34314,1.08407,-31.65366,-8.49070,940285662.75000,232660000.00000
600182.00000,桦林轮,801183163.49000,135862649.78000,-164625596.84000,-164625596.84000,-0.48419,1.78329,-27.15170,-8.44896,1948471934.94000,340000000.00000
600095.00000,哈 高,240130608.74000,78757061.73000,-117053838.15000,-124953576.13000,-0.47772,2.27648,-20.98521,-7.91574,1578545060.19000,261560000.00000
600816.00000,鞍山信,135824932.08000,0.00000,-197736439.34000,-201289919.38000,-0.44326,1.27087,-34.87855,-7.39414,2722290139.05000,454109778.00000
600838.00000,上海九,494617297.85000,106544488.03000,-95506141.68000,-98306942.82000,-0.24522,1.43906,-17.04077,-6.78490,1448908240.85000,400881981.00000
600891.00000,秋林集,401918235.00000,69004319.70000,-51801953.89000,-51801953.89000,-0.21268,2.24623,-9.46844,-5.70469,908058357.86000,243564134.00000
600760.00000,山东黑,282702213.35000,7686537.76000,-51987848.74000,-51987848.74000,-0.19043,2.71689,-7.00918,-5.42107,958996040.40000,272999973.00000
600732.00000,上海港,709404619.37000,-6622320.82000,-59056259.52000,-59559709.14000,-0.24016,1.37546,-17.46099,-5.30129,1123493896.97000,247990600.00000
600057.00000,ST厦,988261206.52000,172725252.28000,-78249478.53000,-78249478.53000,-0.21845,1.15041,-18.98897,-4.93886,1584364468.79000,358200000.00000
600065.00000,大庆联,549955227.67000,18605850.00000,-61547502.60000,-57330278.22000,-0.29859,3.77065,-7.91893,-4.71142,1216835783.66000,192000000.00000
600769.00000,祥龙电,436774301.06000,28163558.21000,-49226192.15000,-49226192.15000,-0.14112,2.45490,-5.74866,-4.36057,1128892355.54000,348816000.00000
600886.00000,湖北兴,1906409322.80000,792341.05000,-39628397.74000,-39628397.74000,-0.14065,3.05491,-4.60416,-4.35150,910684101.21000,281745826.00000
600159.00000,宁城老,203446873.55000,56293802.43000,-28913170.32000,-38440552.09000,-0.12603,2.30443,-5.46919,-3.39319,1132874627.43000,305001616.00000
600758.00000,金帝建,636143748.38000,32928118.73000,-34056490.27000,-33695988.96000,-0.21092,1.93689,-10.88975,-3.03111,1111671809.90000,159755200.00000
600259.00000,兴业聚,404766693.56000,14963793.85000,-37112909.10000,-37213635.72000,-0.17438,2.03427,-8.57234,-2.98208,1247909896.93000,213400000.00000
600175.00000,宝华实,71213251.90000,34962299.39000,-18479810.19000,-14037828.28000,-0.13158,3.97960,-3.30657,-1.72748,812616734.92000,106680000.00000
600790.00000,轻 纺,1040709717.55000,199196992.84000,-29383490.10000,-46764119.32000,-0.12575,2.58792,-4.85938,-1.72653,2708568208.73000,371860686.00000
600840.00000,浙江创,154238737.63000,12658460.68000,-5726809.73000,-5160088.54000,-0.03692,1.13892,-3.24195,-0.62628,823921367.62000,139751403.00000
600060.00000,海信电,3872560749.88000,432430877.69000,-15364520.35000,-17995600.53000,-0.03644,4.48516,-0.81257,-0.44897,4008161797.17000,493767810.00000
600768.00000,ST甬华,208161506.09000,20948736.93000,508982.45000,282410.60000,0.00304,0.84750,0.35876,0.10692,264125098.74000,92880000.00000
600618.00000,氯碱化,2728322989.63000,344176780.19000,26450265.55000,5133371.96000,0.00440,2.40709,0.18313,0.11135,4610086441.72000,1164483067.00000
600689.00000,上海三,680703472.00000,72175019.90000,-3724500.72000,1316292.79000,0.00654,2.41309,0.27139,0.11879,1108045706.17000,200991343.00000
600802.00000,福建水,582648450.50000,198743550.19000,-4556346.32000,2104167.64000,0.00744,2.48063,0.29992,0.13218,1591870720.80000,282816991.00000
600612.00000,第一铅,910746959.07000,165861913.05000,10575662.00000,1860999.17000,0.00739,1.74597,0.42333,0.13526,1375804610.39000,251779396.00000
600817.00000,宏盛科,795307582.22000,61518170.61000,8605394.43000,1078895.25000,0.01307,1.23152,1.06167,0.17879,603439293.88000,82517982.00000
600774.00000,汉商集,548776412.65000,78123558.59000,3747200.85000,2929839.41000,0.03101,4.72545,0.65632,0.18773,1560617761.71000,94467200.00000
600617.00000,联华合,323117653.60000,18785716.14000,271882.23000,1128163.45000,0.00674,1.70343,0.39611,0.19983,564561561.35000,167194800.00000
600667.00000,太极实,640914597.88000,122213486.72000,5923230.82000,3817276.08000,0.01035,1.50995,0.68545,0.22364,1706827131.17000,368817381.00000
600783.00000,四砂股,132758371.08000,25610447.64000,-1608040.29000,1313010.31000,0.00649,1.50643,0.43089,0.24126,544226888.70000,202278900.00000
600877.00000,中国嘉,2590508981.69000,256972266.38000,8537998.16000,9752884.28000,0.02058,2.86023,0.71956,0.24416,3994313443.38000,473870840.00000
600359.00000,新农开,537671097.60000,102082334.70000,5204420.95000,4410875.26000,0.01374,3.06845,0.44781,0.25295,1743710767.81000,321000000.00000
600806.00000,交大科,102493975.00000,24967806.00000,2051121.00000,2051121.00000,0.00837,2.03681,0.41101,0.26485,774441566.00000,245007400.00000
600002.00000,齐鲁石,7022365950.77000,573499506.59000,41136394.85000,21141627.60000,0.01084,2.41776,0.44842,0.27446,7702774966.88000,1950000000.00000
600623.00000,轮胎橡,2465765016.55000,259705407.66000,20698376.78000,16601794.31000,0.01866,1.21692,1.53379,0.27971,5935294460.67000,889467722.00000
600077.00000,国能集,276802140.56000,98005923.04000,4635341.51000,2149107.16000,0.01694,2.80504,0.60413,0.28697,748893658.52000,126819142.00000
600688.00000,上海石,20197396000.00000,1776146000.00000,93509000.00000,71604000.00000,0.00994,1.88507,0.52756,0.28907,24770182000.00000,7200000000.00000
600624.00000,复旦复,302131899.88000,68008595.40000,1065479.34000,3166380.14000,0.01201,1.64281,0.73153,0.29634,1068493855.39000,263477126.00000
600648.00000,外 高,203123425.27000,41853758.38000,-9322729.77000,9170213.66000,0.01230,1.86752,0.65905,0.31466,2914303323.02000,745057500.00000
600767.00000,运盛实,316591411.70000,86456745.07000,25575670.62000,5134155.00000,0.01505,1.77603,0.84771,0.33967,1511483438.30000,341010182.00000
600685.00000,广船国,2076603220.75000,90318985.76000,11325128.18000,8978314.36000,0.01814,1.24875,1.45344,0.35766,2510262534.48000,494677580.00000
600167.00000,ST沈新,111376646.84000,19336617.71000,2196324.83000,2196324.83000,0.01155,1.91205,0.60456,0.37224,590028665.08000,190000000.00000
600821.00000,津 劝,1539951869.86000,160287314.72000,3689284.81000,5216799.33000,0.01783,2.28598,0.78014,0.37482,1391791624.58000,292520958.00000
600805.00000,悦达投,1267196532.73000,274932756.95000,-7187351.62000,20355836.94000,0.03731,3.11961,1.19629,0.37855,5377270373.68000,545445188.00000
600804.00000,工益股,294196924.05000,15915357.43000,1323895.32000,1325197.35000,0.01136,1.63516,0.69499,0.38826,341308645.82000,116611200.00000
600869.00000,青海三,118147115.97000,39990405.74000,-74715.13000,1768955.17000,0.01474,1.72550,0.85431,0.41949,421682315.25000,120000000.00000
600206.00000,有研硅,108355366.03000,29718124.23000,7407071.63000,3733985.08000,0.02575,4.76825,0.54006,0.42007,888880948.05000,145000000.00000
600313.00000,中农资,1871235551.02000,94700549.93000,15848375.65000,6104923.45000,0.02420,2.99930,0.80707,0.44752,1364161216.32000,252200000.00000
600683.00000,宁波华,660115154.60000,54354648.22000,5305725.28000,4033349.98000,0.02024,1.18740,1.70476,0.45409,888220876.09000,199253729.00000
600650.00000,新 锦,251161693.00000,197374603.00000,13186303.00000,8904763.00000,0.01775,3.01631,0.58871,0.46717,1906102373.00000,501463734.00000
600109.00000,ST成,641718753.59000,22751047.30000,1309061.92000,1303986.59000,0.01837,0.20362,9.02165,0.47363,275316607.41000,70982696.43000
600115.00000,东方航,12839339288.79000,2219037964.19000,163016305.49000,132919443.31000,0.02731,1.28240,2.12965,0.48590,27355226063.84000,4866950000.00000
600839.00000,四川长,9514618511.62000,1135595348.27000,111607618.22000,88535874.76000,0.04090,5.88728,0.69487,0.50197,17637511664.68000,2164211422.00000
600765.00000,力源液,51641296.32000,18960910.85000,1146046.40000,1146046.40000,0.01032,1.37675,0.74971,0.53762,213168761.71000,111032000.00000
600113.00000,浙江东,66663981.61000,21923038.87000,4212611.65000,2430467.25000,0.02059,3.00089,0.68636,0.56378,431100856.81000,118000000.00000
600892.00000,湖大科,23745503.00000,6911103.19000,1630644.23000,1420778.97000,0.02813,1.25284,2.24565,0.60338,235469024.06000,50500000.00000
600000.00000,浦发银,7185254000.00000,0.00000,1440712000.00000,1061878000.00000,0.44061,2.93223,15.02657,0.61136,173690683000.00000,2410000000.00000
600240.00000,仕奇实,88355625.54000,33376691.25000,10949084.85000,5484402.66000,0.03133,4.14672,0.75576,0.64962,844237919.57000,175000000.00000
600772.00000,石油龙,210519342.13000,100229561.73000,49327504.29000,9918284.42000,0.04139,2.71622,1.52390,0.66769,1485460601.67000,239616000.00000
600221.00000,海南航,3254753740.00000,937944027.00000,140084757.00000,100302701.00000,0.13735,2.99075,4.59260,0.66849,15004326205.00000,730252801.00000
600748.00000,浦东不,315547247.67000,4990415.49000,10229321.89000,7929021.90000,0.01349,1.78990,0.75396,0.67727,1170732183.78000,587541643.00000
600722.00000,沧州化,1318739352.54000,132934029.03000,23105502.39000,19883780.98000,0.04718,2.30732,2.04492,0.68427,2905813075.13000,421420000.00000
600847.00000,万里电,111123068.02000,26925506.05000,1362794.80000,1362794.80000,0.01537,1.00158,1.53468,0.68804,198068758.81000,88660000.00000
600225.00000,天香集,376581634.47000,50529986.35000,9551262.55000,8229988.92000,0.04094,1.98540,2.06232,0.69845,1178311621.11000,201000000.00000
600198.00000,大唐电,2051455333.82000,576876098.60000,56491532.64000,36100018.50000,0.08223,4.33540,1.89683,0.71604,5041600785.80000,438986400.00000
600836.00000,界龙实,507818589.48000,91366463.65000,8647797.40000,5538009.57000,0.04958,1.81216,2.73608,0.76573,723227163.34000,111693750.00000
600885.00000,力诺工,102924668.18000,27756619.51000,4192589.37000,4214853.71000,0.03247,1.05429,3.07980,0.76949,547740286.50000,129807132.00000
600673.00000,成量股,131506504.34000,39856197.43000,2802876.39000,2605547.56000,0.02351,1.11573,2.10776,0.78234,333041853.70000,110794393.59000
600882.00000,大成股,419082731.79000,80134098.78000,8994941.18000,7358699.92000,0.03959,2.60396,1.52057,0.78797,933878951.08000,185849063.00000
600898.00000,PT郑百,273169852.61000,9662113.97000,5410140.41000,3820836.54000,0.01933,-6.16559,-0.31364,0.79727,479236852.32000,197582119.00000
600192.00000,长城电,692372553.04000,182849076.31000,20845714.55000,15328037.60000,0.04782,3.18576,1.50122,0.80238,1910299315.74000,320500000.00000
600627.00000,电器股,2592939544.92000,427262146.80000,47419055.32000,40368668.38000,0.07793,1.63878,4.75580,0.81197,4971667164.97000,517965449.00000
600671.00000,天目药,144426652.47000,66965382.22000,7716965.32000,3368234.31000,0.02765,1.84246,1.50118,0.82404,408745600.76000,121778628.00000
600848.00000,ST自,578447967.00000,188975072.00000,18101894.00000,8355729.00000,0.02092,0.27585,7.58619,0.83807,997012622.00000,399286890.00000
600810.00000,神马实,1157430868.70000,109225201.67000,67693993.90000,34375430.47000,0.06070,6.03147,1.00645,0.84341,4075737907.63000,566280000.00000
600733.00000,前锋股,71596296.32000,22585025.02000,2045354.40000,4749033.16000,0.02403,1.32619,1.81236,0.91215,520640976.63000,197586000.00000
600691.00000,东新电,60861957.53000,12420974.88000,2148488.35000,2148488.35000,0.02780,1.20380,2.30963,0.92702,231760820.31000,77274499.00000
600679.00000,凤凰股,781560955.59000,105660649.06000,24842022.64000,18264791.37000,0.03933,1.86630,2.10772,0.94934,1923941278.53000,464322817.00000
600150.00000,沪东重,800317422.75000,84215984.89000,16166029.26000,12134401.43000,0.05024,1.94662,2.58126,0.96809,1253424719.33000,241493120.00000
600604.00000,二 纺,815302392.27000,151129881.65000,18250589.52000,13896263.19000,0.02453,1.19566,2.05177,0.97656,1422967150.39000,566449189.46000
600665.00000,沪昌特,826208087.25000,29594097.35000,16418702.03000,13684981.67000,0.01900,1.72360,1.10259,1.02925,1329611232.35000,720102101.00000
600610.00000,ST中纺,449419326.11000,63026186.11000,8615778.00000,6612032.41000,0.01851,0.11883,15.58219,1.03705,637582010.61000,357091534.80000
600216.00000,浙江医,867037763.83000,215388889.56000,21126893.05000,16384824.72000,0.03640,1.33302,2.73108,1.04685,1565154885.03000,450060000.00000
600468.00000,特精股,133943431.70000,33330547.55000,7482500.17000,5950581.00000,0.05409,3.07014,1.76201,1.05991,561425046.29000,110000000.00000
600801.00000,华新水,691883573.97000,217100468.94000,29202654.67000,22619211.67000,0.06887,2.19973,3.13116,1.09636,2063115186.74000,328400000.00000
600737.00000,新疆屯,767261504.20000,258721122.88000,87859210.71000,50665783.79000,0.13207,2.30556,5.72844,1.17891,4297685027.43000,383621050.00000
600710.00000,常林股,528117014.42000,69115699.45000,10764380.97000,10302317.16000,0.06243,2.75330,2.26776,1.19772,860163840.13000,165000000.00000
600128.00000,弘业股,1449252709.36000,113180697.80000,21828008.30000,10243087.10000,0.05135,2.76464,1.85765,1.21625,842186074.84000,199447500.00000
600169.00000,太原重,665110448.98000,110829855.48000,28163626.07000,20525669.23000,0.05515,2.33592,2.36099,1.22085,1681260200.58000,372172425.00000
600099.00000,林海股,190628999.83000,11898769.97000,8688881.84000,6649692.19000,0.03034,2.10092,1.44448,1.24504,534095551.79000,219120000.00000
600808.00000,马钢股,9547928732.00000,1281847057.00000,297131266.00000,208396492.00000,0.03228,1.61162,2.00314,1.24617,16723012874.00000,6455300000.00000
600600.00000,青岛啤,5276724546.00000,1561053739.00000,182564938.00000,102887744.00000,0.10288,2.96491,3.47018,1.24806,8243838412.00000,1000000000.00000
600753.00000,ST冰,100158467.59000,17026985.42000,5390776.94000,5390776.94000,0.04211,0.81909,5.14168,1.26298,426830127.31000,128000000.00000
600684.00000,珠江实,170037115.19000,27681513.82000,16735051.25000,13522578.98000,0.07229,3.13766,2.30420,1.28169,1055056928.11000,187039387.19000
600657.00000,青鸟天,1134794511.44000,362558302.42000,90965787.26000,46460863.06000,0.25944,4.15387,6.24587,1.31338,3537508305.27000,179077832.00000
600112.00000,长征电,165247251.43000,55092730.36000,10793014.43000,9174062.26000,0.05333,2.78787,1.91320,1.33697,686182723.99000,172000000.00000
900935.00000,金泰Ｂ,155852530.00000,44189403.00000,6223380.00000,5331269.00000,0.02877,1.51328,1.90123,1.33776,398520948.00000,185300000.00000
600158.00000,中体产,206905525.18000,125723750.00000,20519868.85000,14218704.52000,0.05605,3.06289,1.83019,1.34220,1059355501.26000,253648200.00000
600852.00000,中川国,222902431.15000,69799318.50000,22164945.46000,15982911.89000,0.09727,1.57498,6.17617,1.34692,1186625960.54000,164308602.00000
600179.00000,黑化股,1230347067.44000,53906568.71000,14424881.36000,21757856.60000,0.06593,2.36816,2.78414,1.37450,1582968079.82000,330000000.00000
600185.00000,海星科,307288864.91000,49495989.38000,12600941.15000,11064274.43000,0.05588,2.54228,2.19803,1.38266,800215149.87000,198000000.00000
600336.00000,澳 柯,1063127740.67000,230695246.34000,55313837.63000,45153522.93000,0.13240,3.48335,3.80097,1.41012,3202097655.75000,341036000.00000
600793.00000,宜宾纸,460007248.13000,98226742.65000,16241746.14000,12690182.28000,0.12051,1.70224,7.07977,1.41500,896835350.88000,105300000.00000
600899.00000,信联股,167231661.36000,52257777.90000,14137836.84000,15881005.22000,0.08946,2.60035,3.44061,1.44337,1100274472.86000,177505386.00000
600791.00000,天创置,305409390.30000,44086329.31000,16674990.84000,8681270.71000,0.08768,1.23038,7.12702,1.48955,582811176.58000,99000000.00000
600721.00000,PT百花,39080183.79000,13539777.99000,3864703.16000,4703593.29000,0.04961,1.26059,3.93589,1.50185,313186611.19000,94800750.00000
600871.00000,仪征化,7808658000.00000,728090000.00000,213375000.00000,170789000.00000,0.04269,2.20047,1.94037,1.52470,11201494000.00000,4000000000.00000
600369.00000,长运股,110974858.91000,20788448.16000,20014686.87000,16266351.97000,0.09440,3.24765,2.90694,1.53238,1061509299.36000,172300000.00000
600702.00000,沱牌曲,858281393.04000,157327970.78000,38330116.93000,30856401.12000,0.09148,4.72482,1.93617,1.53792,2006374531.38000,337300000.00000
600755.00000,厦门国,2018619670.71000,128225901.01000,34454070.06000,25889996.53000,0.13067,3.44898,3.78890,1.55624,1663620425.28000,198120000.00000
600656.00000,华源制,613777404.13000,139297676.52000,33370124.85000,18868490.28000,0.20241,1.58128,12.80046,1.56082,1208886745.29000,93218441.00000
600652.00000,爱使股,282290982.06000,95015526.46000,32374768.18000,25668911.10000,0.08567,2.02104,4.23892,1.57124,1633676506.88000,299624832.00000
600605.00000,轻工机,195028557.09000,25277364.53000,7528590.07000,9423253.13000,0.04483,1.47300,3.04357,1.57133,599701045.15000,210192000.00000
600677.00000,航天中,1596941306.22000,208867389.91000,45622905.22000,29947844.39000,0.09181,1.52515,6.02013,1.59783,1874277485.03000,326172356.00000
600162.00000,山东临,533687807.00000,104241930.61000,22574373.10000,19406551.09000,0.11033,3.35524,3.28839,1.61727,1199959705.55000,175890000.00000
600820.00000,隧道股,3973425764.34000,384432695.79000,119358475.75000,96890195.60000,0.18029,2.92754,6.15869,1.61878,5985377183.38000,537389759.00000
600263.00000,路桥建,1636112483.38000,140099780.34000,47848877.13000,43329696.79000,0.10616,3.30440,3.21286,1.62603,2664760663.92000,408133010.00000
600190.00000,锦 州,286532272.00000,126688146.00000,58769534.00000,48173221.00000,0.05089,1.48550,3.42619,1.62948,2956354504.00000,946500000.00000
600757.00000,华源发,1793217109.21000,207988276.03000,65292620.02000,55572273.29000,0.11770,2.56607,4.58686,1.68485,3298358114.90000,472144227.00000
600523.00000,贵航股,354509142.52000,108742847.67000,25009269.55000,19103223.52000,0.08683,2.59537,3.34568,1.72283,1108827022.25000,220000000.00000
600778.00000,友好集,1068834192.63000,202976944.49000,49375386.78000,33083931.35000,0.10621,2.41432,4.39922,1.72668,1916039727.22000,311491350.00000
600638.00000,新 黄,347000543.31000,21687393.50000,71528899.98000,55100789.64000,0.09819,3.71264,2.64476,1.75922,3132108458.67000,561163988.00000
600631.00000,第一百,3289279478.59000,616266451.40000,86297330.60000,69161275.42000,0.11866,2.81484,4.21555,1.77249,3901918768.19000,582847939.00000
600116.00000,三峡水,291829036.88000,111665696.22000,28241377.35000,20365871.09000,0.11653,2.92799,3.97990,1.79272,1136034014.75000,174768000.00000
600803.00000,威远生,264001914.97000,49476580.84000,14651169.43000,13658238.74000,0.11553,2.70258,4.27483,1.80999,754602562.90000,118221713.00000
600075.00000,新疆天,1292146154.73000,190921747.77000,67015692.29000,46858493.92000,0.20660,4.79932,4.30493,1.81213,2585827279.55000,226800000.00000
600363.00000,联创光,632348164.88000,154790963.33000,43562828.81000,20210090.09000,0.12263,3.64740,3.36217,1.83342,1102318367.83000,164803000.00000
600208.00000,中宝股,852203451.90000,125543971.09000,70828800.50000,40632570.21000,0.19438,2.88440,6.73912,1.85518,2190224929.09000,209033577.47000
600201.00000,金宇集,208264083.09000,73103339.40000,14543997.80000,14231998.83000,0.13031,4.72521,2.75784,1.86839,761726368.48000,109213250.00000
600131.00000,岷江水,142867714.75000,72941553.98000,33527228.60000,27341349.71000,0.09219,2.00764,4.59246,1.87566,1457688496.73000,296544208.00000
600812.00000,华北制,2837305628.88000,752552921.21000,227968293.52000,139786185.47000,0.11953,2.08647,5.72916,1.90572,7335089716.64000,1169394189.00000
600556.00000,北生药,123793186.78000,59992349.04000,21991817.84000,15180753.47000,0.16867,5.31973,3.17074,1.92435,788877537.94000,90000000.00000
600331.00000,宏达股,372461360.30000,82774009.84000,32912983.98000,22238564.53000,0.17106,5.08901,3.36148,1.94147,1145447720.31000,130000000.00000
600894.00000,广钢股,2446110721.46000,222981195.81000,74151517.70000,65681289.07000,0.09572,2.25396,4.24676,1.96126,3348928211.30000,686180000.00000
600093.00000,禾嘉股,120084122.95000,50989675.40000,25689018.35000,16120922.85000,0.08429,2.01844,4.17612,1.97457,816425279.16000,191250000.00000
600867.00000,通化东,205904501.99000,87992267.23000,36772675.35000,29334276.34000,0.09040,4.22831,2.13798,2.01402,1456505600.18000,324493036.00000
600681.00000,诚成文,237181746.49000,75319502.20000,22241758.51000,16652747.69000,0.08003,1.79757,4.45240,2.01899,824806306.61000,208068030.00000
600827.00000,友谊股,5773095239.43000,788112624.01000,122378244.25000,70052811.75000,0.28675,2.31186,12.40374,2.02615,3457442654.57000,244293012.00000
600203.00000,福日股,798763918.27000,74107808.71000,33413240.69000,31618151.07000,0.12331,2.30925,5.34008,2.05167,1541095297.57000,256400000.00000
600281.00000,太化股,711788581.12000,119325792.27000,48832475.57000,40910594.57000,0.11398,2.86051,3.98484,2.06413,1981978929.26000,358906000.00000
600841.00000,上柴股,1411854056.00000,332937951.00000,53438139.00000,44477765.00000,0.09260,3.29864,2.80729,2.08285,2135423949.00000,480309280.00000
600230.00000,沧州大,516425323.01000,48647087.06000,26942353.78000,17817772.80000,0.06870,2.48823,2.76126,2.10024,848369696.21000,259331620.00000
600828.00000,成商集,1413073399.44000,152751012.11000,26565037.02000,20399187.68000,0.12049,2.57606,4.67763,2.11622,963942578.63000,169290000.00000
600094.00000,华源股,1858169193.86000,370661561.66000,142868580.47000,81080650.29000,0.16488,2.91891,5.64870,2.11731,3829409523.55000,491754000.00000
600864.00000,岁宝热,214350125.66000,56266398.96000,30326251.42000,19714234.71000,0.14432,2.91261,4.95523,2.15112,916462006.38000,136594549.00000
600878.00000,北大科,83188506.84000,42357721.39000,20250648.84000,17190816.46000,0.06043,1.73218,3.48920,2.15625,797256743.39000,284430707.00000
600322.00000,天房发,608679018.00000,139270329.71000,92936484.09000,66301936.10000,0.15648,3.86423,4.04946,2.16735,3059129286.02000,423707417.00000
600318.00000,巢东股,555157296.97000,146350688.06000,37291290.31000,31259816.14000,0.15629,2.99041,5.22667,2.17050,1440211745.28000,200000000.00000
600448.00000,华纺股,1010885329.11000,94796681.01000,41370793.03000,28405351.39000,0.11594,3.01880,3.84060,2.17203,1307776490.80000,245000000.00000
600596.00000,新安股,649117924.26000,129036986.28000,32311478.30000,20482849.16000,0.15273,3.68164,4.14846,2.20011,930993924.25000,134110363.00000
600672.00000,英豪科,542765733.42000,159070338.83000,63847811.39000,25435359.53000,0.05767,1.42237,4.05518,2.20159,1155315199.39000,440976960.00000
600630.00000,龙头股,2078799708.39000,406610053.13000,109308854.08000,96795823.28000,0.22782,3.82633,5.95425,2.20565,4388543314.02000,424861597.00000
600602.00000,广电电,4058711570.29000,365884510.19000,202595870.62000,170444004.72000,0.20220,3.19470,6.32933,2.21944,7679584053.96000,842934303.00000
600744.00000,华银电,1069988823.11000,235743662.78000,127822055.55000,113563603.84000,0.15957,4.08121,3.91007,2.22962,5093395754.06000,711648000.00000
600699.00000,辽源得,183528236.12000,41535450.35000,23627490.30000,19100161.57000,0.10795,2.32430,4.64455,2.23446,854799392.97000,176930060.96000
600358.00000,国旅联,108374975.88000,59255266.36000,13750944.18000,12833485.55000,0.09166,2.94156,3.11630,2.24024,572863126.44000,140000000.00000
600262.00000,北方股,227946008.19000,49780822.17000,22573766.46000,18944913.85000,0.11144,3.36025,3.31644,2.24373,844347481.50000,170000000.00000
600815.00000,厦工股,1062394301.38000,181835266.33000,40073666.28000,29505475.82000,0.09847,2.63599,3.73597,2.25638,1307649115.74000,299609100.00000
600246.00000,先锋股,141970446.03000,11699914.74000,19551965.14000,15904210.67000,0.17287,3.23300,5.34710,2.29394,693313725.23000,92000000.00000
600881.00000,亚泰集,1087410062.24000,413251944.61000,141656647.61000,111892133.23000,0.23550,3.64968,6.45289,2.32659,4809274856.02000,475106267.00000
600148.00000,离 合,160133081.61000,40133444.43000,9239119.41000,8302388.86000,0.05866,1.78384,3.28881,2.32882,356506041.82000,141516450.00000
600052.00000,浙江广,409248507.06000,69348754.17000,89036511.87000,70980375.51000,0.14676,2.94428,4.98475,2.33895,3034714724.92000,483633492.00000
600199.00000,金牛实,509827537.38000,88762238.42000,40715668.82000,35162946.22000,0.10150,2.78059,3.65065,2.35781,1491338792.52000,346400000.00000
600157.00000,鲁润股,493633349.79000,86486802.93000,22275669.80000,18651416.98000,0.10942,1.69670,6.44941,2.36380,789043028.17000,170446162.00000
600754.00000,新亚股,682648811.00000,345606925.00000,57187173.00000,54120724.00000,0.08971,2.85155,3.14624,2.36603,2287404348.00000,603240740.00000
600329.00000,中新药,1521939000.00000,570085000.00000,85568000.00000,64441000.00000,0.17432,3.92142,4.44553,2.36939,2719735000.00000,369654000.00000
600830.00000,甬城隍,723014134.86000,65772049.57000,33292077.93000,19296759.32000,0.11017,2.73325,4.03091,2.37394,812856492.00000,175146814.00000
600051.00000,宁波联,3642285556.34000,259239566.38000,72795907.15000,54302123.09000,0.17957,2.71926,6.60365,2.37728,2284210645.44000,302400000.00000
600731.00000,湖南海,300386408.37000,72735299.68000,27787633.78000,22040482.27000,0.09422,1.85142,5.08917,2.40267,917332349.38000,233921176.00000
600122.00000,宏图高,2004814826.89000,235875053.93000,69324918.29000,58153918.50000,0.18218,2.94803,6.17994,2.40632,2416718386.19000,319200000.00000
900948.00000,伊煤Ｂ,1147229961.70000,879604105.42000,36235839.84000,32960809.07000,0.09005,2.16018,4.16895,2.42027,1361864433.34000,366000000.00000
600706.00000,长安信,596660872.75000,73474183.15000,31864691.98000,19908712.19000,0.22796,1.58726,14.36203,2.43057,819095495.96000,87333441.00000
600708.00000,东海股,199367850.47000,56279549.14000,37850007.82000,30189794.96000,0.12688,1.53829,8.24830,2.43146,1241634669.58000,237934848.00000
600379.00000,宝光股,240354905.66000,90313508.85000,15625836.39000,12487000.41000,0.07903,1.57148,5.02912,2.43647,512503191.42000,158000000.00000
600752.00000,哈慈股,254005843.59000,159146186.31000,39951042.85000,34678684.20000,0.10245,2.89984,3.53326,2.48678,1394520894.39000,338464128.00000
600250.00000,南纺股,2898407141.15000,228505337.99000,53735508.88000,41372523.40000,0.31186,4.84022,6.44315,2.48833,1662661059.61000,132662800.00000
600072.00000,江南重,413253281.70000,46295552.72000,32705163.46000,27506889.07000,0.10017,3.49266,2.86824,2.49638,1101872422.04000,274580800.00000
600701.00000,工大高,639061584.29000,104172039.89000,48313865.74000,38228929.75000,0.11795,2.47679,4.76251,2.49867,1529972835.32000,324090968.00000
600644.00000,乐山电,251851884.84000,72668882.51000,35023162.97000,28025731.37000,0.11240,1.86382,6.03068,2.50419,1119153800.72000,249336499.00000
600788.00000,达 尔,191247026.13000,96184434.59000,52362776.25000,54216473.29000,0.18914,4.67176,4.04869,2.51803,2153128783.23000,286639440.00000
600888.00000,新疆众,418954184.01000,86318829.23000,36237113.18000,31196929.21000,0.30174,2.28121,13.22732,2.55876,1219218795.42000,103389000.00000
600794.00000,保税科,135107986.06000,48486242.21000,33918757.63000,14753511.06000,0.12372,2.65062,4.66796,2.56199,575861997.52000,119239680.00000
600809.00000,山西汾,433472307.87000,138853093.22000,36301331.42000,28707277.42000,0.06631,1.80279,3.67820,2.60047,1103927431.31000,432924133.00000
600675.00000,中华企,1595508414.35000,663171043.63000,286350767.56000,135224009.13000,0.23265,2.22641,10.44992,2.60335,5194228014.96000,581212581.00000
600123.00000,兰花科,450620057.85000,124337639.70000,56954373.78000,39605770.78000,0.10668,2.19712,4.85555,2.61270,1515893767.92000,371250000.00000
600218.00000,全柴动,447421660.62000,79599693.46000,39250705.88000,31219073.57000,0.11015,3.02172,3.64557,2.61616,1193318951.06000,283400000.00000
600365.00000,通葡萄,128556854.48000,51493233.04000,29097565.37000,16562837.61000,0.11830,3.85801,3.06650,2.62047,632055843.69000,140000000.00000
600728.00000,新太科,581100303.75000,155449811.12000,35248829.61000,28070985.14000,0.13483,3.91391,3.44515,2.63222,1066437732.27000,208180180.00000
600620.00000,天宸股,195689438.34000,48883494.42000,38457960.03000,34132139.96000,0.12794,1.43497,8.91616,2.63835,1293692948.00000,266774325.00000
600735.00000,兰陵陈,184074006.34000,33323019.53000,10537510.50000,12068040.74000,0.07795,1.95495,3.98744,2.64118,456918841.11000,154812936.00000
600372.00000,昌河股,3328468798.15000,522781615.13000,85258894.10000,86938661.92000,0.21204,3.14297,6.74666,2.64348,3288799988.42000,410000000.00000
600659.00000,神龙发,393870771.99000,44544978.09000,42789921.46000,24929355.67000,0.14374,1.48831,9.65859,2.64486,942557551.65000,173421772.00000
600242.00000,华龙集,66191528.75000,28012919.30000,16339814.85000,20324002.39000,0.11678,2.79972,4.17129,2.67167,760723351.23000,174029825.00000
600776.00000,东方通,8398612585.77000,1185059811.63000,259768033.36000,207343655.91000,0.33016,5.81574,5.67709,2.68533,7721345597.39000,628000000.00000
600073.00000,上海梅,496349515.13000,171394627.06000,54232580.00000,34427895.67000,0.10625,2.43942,4.35591,2.69158,1279093985.76000,324000000.00000
600712.00000,南宁百,559459063.72000,85050509.28000,20320734.51000,16522143.48000,0.18272,2.92647,6.24393,2.69635,612759705.77000,90420000.00000
600291.00000,西水股,227260404.63000,110840172.45000,37870213.95000,25578269.05000,0.15986,3.41232,4.68491,2.69830,947941606.48000,160000000.00000
600704.00000,中大股,2644169147.28000,224082128.34000,88197714.32000,73097335.73000,0.25357,3.75754,6.74839,2.70009,2707219824.30000,288269038.00000
600872.00000,中炬高,836309507.04000,216063204.71000,84380718.85000,64836418.28000,0.14406,2.71749,5.30133,2.70722,2394944688.76000,450055950.00000
600800.00000,天津磁,615872506.14000,241203979.13000,102783563.40000,84358309.45000,0.15291,1.88097,8.12969,2.72226,3098831212.61000,551659203.00000
900929.00000,国旅Ｂ,541945007.00000,85736019.00000,19667277.00000,17307707.00000,0.13056,2.99359,4.36161,2.75990,627113682.00000,132556270.00000
600088.00000,中视传,360048073.08000,100371439.58000,37457594.42000,26822116.43000,0.11330,3.04721,3.71825,2.76782,969070737.51000,236730000.00000
600655.00000,豫园商,3219833920.78000,438887204.43000,123463144.30000,99403070.09000,0.21361,3.56979,5.98402,2.77223,3585676682.76000,465333455.00000
600653.00000,申华控,3850372273.77000,254323253.36000,236730153.47000,135516812.25000,0.16761,2.49532,6.71710,2.79971,4840383477.77000,808509406.00000
600850.00000,华东电,575646860.90000,53641089.09000,17718161.26000,14723025.43000,0.08608,1.33623,6.44230,2.80240,525371421.27000,171031500.00000
600668.00000,尖峰集,1054530058.41000,202413615.09000,54713273.67000,43904861.56000,0.14612,1.69368,8.62769,2.81638,1558913558.11000,300459139.00000
600119.00000,长江投,471998493.73000,90296878.85000,32065837.41000,22762204.62000,0.13795,2.27837,6.05489,2.82087,806920320.50000,165000000.00000
600170.00000,上海建,8003747821.00000,430723268.00000,221327469.00000,185201977.00000,0.30897,4.52994,6.82065,2.82222,6562274534.00000,599415000.00000
600360.00000,华微电,232591787.40000,76475705.42000,31347193.60000,25932624.73000,0.21976,4.83023,4.54985,2.82321,918549791.89000,118000000.00000
600299.00000,星新材,556026996.75000,91245349.92000,59539744.90000,48705898.10000,0.20294,3.16449,6.41309,2.83643,1717156820.11000,240000000.00000
600064.00000,南京高,512912383.95000,156168863.87000,83798886.00000,70772495.43000,0.20564,3.38228,6.08012,2.87432,2462232556.79000,344145888.00000
600787.00000,中储股,699630285.37000,145593547.50000,41086670.53000,33633683.07000,0.10837,2.39620,4.52291,2.88017,1167769057.22000,310337705.00000
600136.00000,道博股,175667548.93000,95587233.25000,39007319.84000,24860744.16000,0.23802,4.02780,5.90967,2.88205,862604992.21000,104444000.00000
600132.00000,重庆啤,466710328.93000,162066042.63000,40101886.29000,34287205.57000,0.20066,3.37467,5.94607,2.91028,1178141930.49000,170872000.00000
600058.00000,龙腾科,19565136311.25000,814505751.35000,253588716.97000,154795975.93000,0.36500,4.35432,8.38268,2.91486,5310573849.88000,424088710.00000
600079.00000,人福科,241926900.44000,109493691.79000,49956548.10000,28911206.96000,0.22950,2.35385,9.75034,2.91659,991266129.88000,125970000.00000
600243.00000,青海华,278374260.52000,66012990.61000,24821968.96000,21209174.16000,0.13543,2.54442,5.32284,2.92023,726284510.04000,156600000.00000
600789.00000,鲁抗医,771137423.88000,181262579.90000,81994231.14000,70460242.85000,0.19317,3.18498,6.06508,2.92973,2405011588.92000,364754210.00000
600118.00000,中国泛,280738271.62000,26110793.12000,16751986.18000,10312489.17000,0.05441,1.46608,3.71182,2.93652,351180942.94000,189504000.00000
600293.00000,三峡新,260174212.86000,60984736.06000,38279058.78000,32208066.25000,0.15264,3.41086,4.47526,2.94292,1094425764.95000,211000000.00000
600826.00000,兰生股,1718912650.47000,158255800.61000,52552893.63000,39607271.43000,0.14123,2.81364,5.01977,2.94518,1344816041.81000,280428192.00000
600692.00000,亚通股,186789433.31000,47763573.54000,19930537.07000,15958014.99000,0.12625,2.55688,4.93769,2.96524,538170100.08000,126399168.00000
600361.00000,北京华,1243678820.01000,192533765.13000,73336102.01000,45817353.86000,0.36486,4.41642,8.26159,2.97458,1540299162.04000,125572900.00000
600640.00000,联通国,264437267.00000,79793591.00000,43065580.00000,38043300.00000,0.10426,3.07315,3.39266,2.98179,1275854947.00000,364882700.00000
600550.00000,天威保,611934673.42000,125142304.48000,51834963.34000,44061387.93000,0.20027,3.80525,5.26323,2.99219,1472546623.22000,220000000.00000
600211.00000,西藏药,74659338.18000,65001872.93000,18236514.64000,18298830.82000,0.14925,3.29668,4.52747,3.00807,608325276.77000,122600000.00000
600346.00000,冰山橡,222529837.93000,71874520.65000,21042399.68000,15952621.88000,0.15192,2.96655,5.12143,3.00839,530270936.82000,105000000.00000
600290.00000,苏 福,150539724.99000,45294624.54000,16279503.72000,12580077.07000,0.15156,2.61310,5.80028,3.00881,418107444.33000,83000000.00000
600831.00000,广电网,25409572.93000,15034311.39000,9934119.59000,9934119.59000,0.08926,1.05576,8.45511,3.01131,329893196.10000,111286663.15000
600568.00000,潜江制,81686840.60000,49065114.39000,21144824.84000,13867134.11000,0.19032,5.94937,3.19909,3.01253,460314776.92000,72860000.00000
600266.00000,北京城,1064117392.99000,154713089.00000,178393835.25000,142976587.19000,0.23829,2.52640,9.43218,3.01378,4744098498.98000,600000000.00000
600068.00000,葛 洲,2208482820.25000,365174886.52000,158816629.81000,147854762.63000,0.20948,4.61670,4.53756,3.01494,4904076136.60000,705800000.00000
600301.00000,南化股,449670334.94000,81657648.62000,27042997.01000,22936034.18000,0.12387,2.83106,4.37572,3.02156,759078500.87000,185148140.00000
600883.00000,富邦科,71184128.71000,24505436.14000,11081345.07000,9773885.25000,0.08877,2.30666,3.84855,3.03712,321813811.31000,110100000.00000
600865.00000,百大集,1014841836.60000,161157661.22000,56008990.90000,39987438.70000,0.14826,2.43067,6.09968,3.03796,1316261181.24000,269706320.00000
600566.00000,洪城股,113961205.12000,31529588.14000,20786290.73000,17701866.28000,0.16651,4.22897,3.93749,3.03816,582650722.58000,106308000.00000
600286.00000,国光瓷,359259705.88000,111782692.12000,34317740.67000,27928773.69000,0.29398,3.48955,8.42480,3.04165,918212654.52000,95000000.00000
600734.00000,实达电,2896863453.73000,490861332.26000,80434578.73000,51298942.32000,0.14591,1.64533,8.86867,3.04965,1682125515.06000,351558394.00000
600634.00000,海鸟发,182581517.00000,47591211.24000,40201717.45000,27935908.78000,0.32033,2.41637,13.25707,3.05704,913822448.60000,87207283.00000
600703.00000,天颐科,421729398.57000,42783999.53000,13179064.85000,13124406.38000,0.10981,1.31995,8.31945,3.06051,428830393.10000,119516464.00000
600076.00000,青鸟华,358575641.22000,166690612.84000,54563691.43000,48468197.63000,0.21597,2.93545,7.35746,3.08905,1569031761.60000,224416000.00000
600097.00000,华立科,114653885.06000,34303809.75000,11928597.24000,12225188.83000,0.10589,1.09843,9.64028,3.10263,394026083.43000,115449889.00000
600172.00000,黄河旋,283394490.85000,82980149.73000,34823084.36000,29539390.96000,0.11022,2.80859,3.92444,3.10347,951819303.01000,268000000.00000
600705.00000,北亚集,528022974.66000,180118402.41000,89734576.51000,75390439.95000,0.11542,2.61077,4.42123,3.12281,2414184288.75000,653137440.00000
600382.00000,广东明,358397608.04000,65554172.75000,48479411.40000,32825812.73000,0.19210,2.85711,6.72379,3.13591,1046770574.51000,170873300.00000
600228.00000,昌九股,337033952.58000,54072272.75000,29707856.23000,25721480.60000,0.08931,1.59322,5.60566,3.15170,816113726.41000,288000000.00000
600713.00000,南京医,1428644367.80000,225991830.50000,54614100.03000,36897819.53000,0.18993,2.23635,8.49331,3.15374,1169968610.04000,194260716.00000
600268.00000,国电南,545791668.66000,127221953.01000,31991131.89000,28463455.39000,0.24121,3.89008,6.20079,3.17433,896674910.53000,118000000.00000
600163.00000,福建南,1066334539.45000,232559185.06000,86616883.45000,82715432.93000,0.27035,3.68513,7.33649,3.17486,2605327775.84000,305946640.00000
600637.00000,广电信,2728596919.84000,258649093.02000,210483811.75000,203105195.59000,0.27252,4.62400,5.89361,3.17724,6392495276.60000,745284077.00000
600890.00000,长春长,322702981.31000,84989845.12000,20763478.67000,38449644.79000,0.07930,1.51700,5.22756,3.17756,1210036959.07000,484850997.00000
600696.00000,利嘉股,155193837.88000,75858297.09000,25501013.25000,25501013.25000,0.09734,1.34664,7.22850,3.18285,801200693.59000,261973500.00000
600723.00000,西单商,1575711349.73000,233546825.06000,62189710.02000,56483040.15000,0.13785,3.10483,4.44013,3.19895,1765675021.86000,409718038.00000
600639.00000,浦东金,397290031.92000,202734389.33000,119817147.40000,97430566.67000,0.13961,2.34833,5.94539,3.21093,3034338067.40000,697840000.00000
600257.00000,洞庭水,161812809.55000,57943983.07000,21474080.17000,18959575.05000,0.25972,5.74549,4.52042,3.21340,590015401.42000,73000000.00000
600707.00000,彩虹股,2422511497.90000,256111480.00000,103601618.83000,84419021.18000,0.20044,3.70889,5.40457,3.21357,2626950965.88000,421148800.00000
600193.00000,创兴科,115139550.04000,27924880.89000,24607543.77000,16352031.22000,0.09744,1.58484,6.14887,3.23461,505533116.61000,167800000.00000
600381.00000,白 唇,142992748.03000,48915732.15000,23680294.98000,19468512.37000,0.17698,2.98386,5.93147,3.25060,598919728.51000,110000000.00000
600173.00000,牡 丹,388819674.13000,102987413.23000,44196250.35000,37864396.90000,0.16462,2.66329,6.18138,3.25260,1164127267.64000,230000000.00000
600107.00000,美 尔,141107525.49000,45796188.04000,43940266.60000,36145055.53000,0.10040,2.38277,4.21371,3.25656,1109916408.35000,360000000.00000
600117.00000,西宁特,1238874914.31000,206590179.84000,101776693.91000,90042691.98000,0.15465,2.40561,6.42888,3.30400,2725266536.42000,582220000.00000
600187.00000,黑龙股,605910506.73000,135916513.77000,60516607.60000,65124146.97000,0.19901,2.31828,8.58479,3.31153,1966587432.89000,327225000.00000
600835.00000,上菱电,3844769510.00000,1281507343.03000,618143834.19000,246444551.36000,0.45802,5.04540,9.07810,3.31467,7434956073.10000,538057296.00000
600328.00000,兰太实,269137053.27000,132167790.98000,48095364.11000,39668698.74000,0.22975,3.67704,6.24850,3.32328,1193659693.10000,172652899.00000
600166.00000,福田汽,4112240063.73000,370341531.99000,119074438.91000,102840360.54000,0.36667,3.58496,10.22820,3.33959,3079435167.29000,280466000.00000
600585.00000,海螺水,2058348827.00000,737075015.00000,314873697.00000,202725978.00000,0.20613,2.24766,9.17095,3.34089,6068021182.00000,983480000.00000
600730.00000,中国高,1505759098.30000,131642038.23000,72791642.18000,45289502.25000,0.25939,2.11998,12.23548,3.34107,1355539521.53000,174600000.00000
600399.00000,抚顺特,1466607696.61000,184201111.97000,117907807.61000,100479068.13000,0.19322,2.70361,7.14706,3.34233,3006256050.21000,520000000.00000
600312.00000,平高电,493187635.97000,123956565.70000,52968599.29000,44107808.92000,0.24036,4.80552,5.00195,3.34632,1318099425.70000,183500000.00000
600277.00000,亿利科,226836440.86000,81635977.12000,37397262.35000,32561258.50000,0.20608,4.41222,4.67075,3.34780,972615229.14000,158000000.00000
600186.00000,莲花味,1387501387.29000,321966701.82000,147653862.94000,145409111.21000,0.21383,3.03685,7.04141,3.36158,4325624301.25000,680000000.00000
600419.00000,新疆天,160806047.44000,38714173.42000,16247586.18000,13569777.31000,0.16928,3.51082,4.82177,3.36388,403397127.37000,80160000.00000
600849.00000,上海医,5202034324.52000,697385291.63000,202340054.84000,145280748.02000,0.45944,4.76043,9.65139,3.38403,4293124466.05000,316207158.00000
900956.00000,东贝Ｂ,258197785.61000,55478355.93000,28488063.69000,24191371.67000,0.10294,1.65185,6.23194,3.43390,704487044.83000,235000000.00000
600086.00000,多佳股,248520324.08000,65603451.89000,38893580.71000,25987967.92000,0.07377,1.41104,5.22807,3.43503,756557120.27000,352281672.00000
600567.00000,山鹰纸,280946033.75000,49960244.52000,27364844.23000,23035062.34000,0.14352,2.05480,6.98466,3.45728,666276717.95000,160500000.00000
600843.00000,上工股,916259944.36000,195460439.66000,52582339.60000,45840041.89000,0.18156,1.99062,9.12121,3.47955,1317411199.55000,252466370.00000
600155.00000,宝硕股,1113408043.48000,189976428.19000,99652413.75000,72069675.15000,0.17471,1.91042,9.14532,3.50778,2054564431.93000,412500000.00000
600716.00000,耀华玻,425343333.06000,89782265.56000,39457057.25000,32470701.80000,0.10021,1.59475,6.28426,3.51484,923817512.69000,324000000.00000
600694.00000,大商股,1980522849.43000,319705826.88000,109973317.06000,88426585.95000,0.33116,4.59759,7.20301,3.52304,2509951718.38000,267016905.00000
600010.00000,钢联股,5581354214.80000,608512740.30000,400972493.27000,256658839.96000,0.20532,2.77883,7.38898,3.52972,7271355808.69000,1250000000.00000
600539.00000,狮头股,294766852.43000,101682097.59000,50824242.56000,37227836.97000,0.16186,3.43052,4.71825,3.54459,1050270596.53000,230000000.00000
600614.00000,胶带股,226115352.00000,62314924.72000,35131013.97000,28143109.35000,0.24443,1.77023,13.80835,3.55627,791366575.40000,115133378.00000
600654.00000,飞乐股,450910083.01000,70548125.65000,88942291.18000,78050192.12000,0.17738,2.76318,6.41963,3.56193,2191230156.59000,440001838.00000
600362.00000,江西铜,2995793128.00000,655348808.00000,301658839.00000,301434708.00000,0.11314,1.71649,6.59191,3.56300,8460148699.00000,2664038200.00000
600296.00000,兰州铝,1289764134.42000,177890840.05000,98322961.51000,89258510.45000,0.30256,4.06600,7.44139,3.56531,2503529450.61000,295004480.00000
600500.00000,中化国,6567157117.35000,363578996.63000,113708313.81000,90520787.43000,0.24291,3.87097,6.27520,3.58039,2528235310.26000,372650000.00000
600080.00000,金花股,156654609.49000,102393481.59000,53871359.67000,46594430.11000,0.20185,3.56960,5.65473,3.58182,1300859241.09000,230835200.00000
600680.00000,上海邮,990122658.23000,145131734.90000,68660656.03000,61437714.43000,0.20148,1.90057,10.60129,3.59307,1709895237.34000,304925337.00000
600149.00000,邢台轧,374038854.10000,86379478.93000,38510638.82000,33593972.52000,0.13189,2.03411,6.48423,3.59644,934090597.58000,254700000.00000
600390.00000,金瑞科,225675360.88000,42510501.00000,34432523.89000,31096642.01000,0.29143,6.43674,4.52776,3.60092,863575587.75000,106700000.00000
600386.00000,北京巴,952128416.22000,221436779.30000,120240791.34000,70762021.40000,0.28080,4.45051,6.30943,3.65264,1937282975.14000,252000000.00000
600719.00000,大连热,371980228.66000,101353760.09000,65036610.75000,54923767.72000,0.27149,3.31179,8.19788,3.65550,1502498085.07000,202299800.00000
600396.00000,金山股,104746408.56000,40670237.06000,23780156.71000,20680314.25000,0.15907,3.11268,5.11069,3.66750,563880864.57000,130000000.00000
600092.00000,精密股,153673056.91000,74878584.03000,47092036.09000,39555625.14000,0.15144,2.57674,5.87721,3.67138,1077405651.88000,261196200.00000
600061.00000,中纺投,671584832.14000,72480802.01000,33207925.85000,27121256.94000,0.09449,1.66940,5.66042,3.67757,737477843.88000,287012000.00000
600089.00000,特变电,1310460083.17000,268417534.22000,107434201.20000,82224261.39000,0.31686,3.18510,9.94847,3.69687,2224157492.88000,259490176.00000
600129.00000,太极集,1748970683.80000,731229536.41000,128415313.03000,101433126.93000,0.40155,3.93540,10.20369,3.71248,2732217297.01000,252600000.00000
600033.00000,福建高,303682633.31000,212802244.47000,298995098.12000,220276251.31000,0.32157,3.42693,9.38366,3.72410,5914877865.47000,685000000.00000
600121.00000,郑州煤,627956750.50000,202730541.31000,89540670.87000,76109570.25000,0.09396,1.50961,6.22430,3.72848,2041302159.35000,810000000.00000
600288.00000,大恒科,1347309834.96000,166685222.05000,68452209.85000,46736271.75000,0.33383,4.80735,6.94417,3.73298,1251984124.29000,140000000.00000
600797.00000,浙大网,1114304625.28000,190123169.02000,95036503.82000,84415558.04000,0.24710,2.77760,8.89644,3.73383,2260828025.23000,341614913.00000
600267.00000,海正药,575832307.45000,195448320.63000,58071776.89000,48542565.22000,0.19448,3.06411,6.34708,3.73714,1298921957.79000,249600000.00000
600736.00000,苏州高,573611309.45000,182034552.78000,117822017.37000,84858562.04000,0.18549,3.00385,6.17525,3.73787,2270241039.13000,457470000.00000
600303.00000,曙光股,348834007.22000,100632169.65000,52832026.54000,34727984.75000,0.21437,2.67917,8.00137,3.76501,922387595.75000,162000000.00000
600682.00000,南京新,1448689337.10000,258935501.40000,78496286.73000,62240477.32000,0.27036,3.58200,7.54790,3.76697,1652269033.63000,230208211.30000
600091.00000,明天科,631497434.86000,132631822.33000,77438103.76000,62818453.82000,0.27731,3.44474,8.05032,3.79416,1655661086.44000,226526000.00000
600676.00000,交运股,348855725.22000,124589059.28000,60175731.99000,50798718.71000,0.30065,5.54051,5.42643,3.81615,1331150333.43000,168961856.00000
600084.00000,新天国,853719547.88000,176485802.19000,83407577.46000,73565693.64000,0.31280,2.87927,10.86404,3.82403,1923776235.36000,235180400.00000
600003.00000,东北高,373905581.98000,272672567.75000,250711822.34000,191383905.22000,0.15775,2.41971,6.51943,3.82749,5000240724.85000,1213200000.00000
600740.00000,山西焦,623782160.48000,222474674.25000,68000932.93000,67139836.87000,0.33098,3.35440,9.86711,3.85821,1740180034.78000,202850000.00000
600248.00000,秦丰农,339538025.70000,80066112.93000,31716041.71000,27221968.87000,0.21131,3.95301,5.34574,3.87022,703370692.84000,128820000.00000
600558.00000,大 西,450435967.72000,103317018.89000,39681783.36000,25630684.82000,0.21358,3.82131,5.58941,3.87364,661669385.88000,120000000.00000
600466.00000,迪康药,94000109.62000,33618552.70000,28844160.69000,29114816.21000,0.22853,5.01994,4.55246,3.87398,751547889.41000,127400000.00000
600083.00000,PT红光,86057796.89000,19114953.50000,12165924.18000,8137864.00000,0.03538,0.00569,621.15095,3.88096,209686773.50000,230000000.00000
600028.00000,中国石,304347000000.00000,56349000000.00000,21651000000.00000,14018000000.00000,0.16168,1.60364,10.08206,3.89071,360294000000.00000,86702000000.00000
600619.00000,海立股,2558683838.67000,699690736.94000,245867057.34000,128065138.04000,0.33655,2.62046,12.84329,3.89519,3287778294.17000,380520000.00000
600632.00000,华联商,2546611652.34000,278498240.39000,103820112.75000,90273170.48000,0.21361,3.22271,6.62839,3.90128,2313938291.94000,422599861.00000
600130.00000,波导股,2622293289.84000,725836474.58000,126654014.81000,68134627.01000,0.42584,5.20341,8.18390,3.90808,1743431603.24000,160000000.00000
600235.00000,民丰特,316264289.20000,85198028.04000,49159884.35000,44924337.18000,0.25380,3.08902,8.21652,3.92341,1145031948.03000,177000000.00000
600741.00000,巴士股,2351465562.98000,645255040.01000,224962495.08000,172006581.53000,0.33164,2.75546,12.03577,3.93216,4374349398.00000,518654000.00000
600153.00000,厦门建,5983455880.19000,259319770.97000,163537720.83000,144969631.25000,0.48976,5.08881,9.62431,3.94021,3679234860.63000,296000000.00000
600332.00000,广州药,5334028710.18000,1148024745.29000,260137413.66000,146133840.61000,0.18021,2.67963,6.72526,3.95251,3697238505.79000,810900000.00000
600822.00000,物贸中,3184316798.50000,131867879.62000,32435689.77000,27511383.30000,0.10886,1.18534,9.18395,3.95493,695622129.97000,252720298.00000
600265.00000,景谷林,185817805.77000,55730126.95000,27664669.37000,22631007.82000,0.21553,2.94215,7.32572,4.00683,564810581.50000,105000000.00000
600897.00000,厦门机,180847382.16000,76089541.82000,61667681.93000,51489647.21000,0.19070,4.23768,4.50016,4.03635,1275649636.79000,270000000.00000
600388.00000,龙净环,351779383.48000,80931700.17000,41280308.65000,37134270.25000,0.22236,3.71024,5.99316,4.04621,917754437.62000,167000000.00000
600643.00000,爱建股,804166617.48000,144875175.94000,144570432.24000,130638966.63000,0.28357,4.35685,6.50869,4.04912,3226354322.01000,460687964.00000
600771.00000,东盛科,445672499.00000,362124742.00000,30106904.00000,40766696.00000,0.21813,1.78166,12.24340,4.05284,1005878992.00000,186886960.00000
600770.00000,综艺股,297125088.30000,85539685.81000,71668786.42000,41729092.24000,0.15455,2.17944,7.09136,4.05406,1029315420.17000,270000000.00000
600860.00000,北人股,699076375.57000,207047894.56000,75751678.32000,64281675.46000,0.16070,2.37782,6.75848,4.06504,1581331370.36000,400000000.00000
600056.00000,中技贸,2482811037.90000,60856591.59000,55290385.96000,49033921.46000,0.37617,4.22027,8.91345,4.06836,1205250421.23000,130350000.00000
900957.00000,凌云Ｂ,594113141.00000,110478962.00000,41609037.00000,46727893.00000,0.13389,1.76527,7.58473,4.07227,1147464707.00000,349000000.00000
600727.00000,鲁北化,642059234.00000,124797204.45000,156688222.83000,132481217.77000,0.34927,5.68028,6.14896,4.11661,3218212365.63000,379300000.00000
600635.00000,大众科,425339021.01000,90414475.70000,155230362.22000,128329660.41000,0.26949,2.43796,11.05420,4.12942,3107690587.67000,476181666.00000
600213.00000,亚星客,1019842172.55000,142158395.47000,57091354.38000,53264866.82000,0.28034,3.31989,8.44431,4.13994,1286608601.42000,190000000.00000
600070.00000,浙江富,202641322.31000,31511875.18000,18645565.80000,17789115.48000,0.23489,3.02316,7.76976,4.14812,428847378.73000,75733000.00000
600746.00000,江苏索,253953920.50000,38784354.60000,26368784.60000,24019322.03000,0.07838,1.20224,6.52005,4.15393,578231466.08000,306421452.00000
600229.00000,青岛碱,936122248.58000,211614693.78000,82995508.51000,67949774.73000,0.23023,2.83310,8.12679,4.15930,1633682629.29000,295126210.00000
600227.00000,赤 天,630644450.25000,40406335.81000,42128089.24000,37515717.97000,0.22068,4.24190,5.20240,4.16125,901548781.00000,170000000.00000
600501.00000,航天晨,441265538.18000,128253201.08000,40178214.74000,33009067.82000,0.26836,3.65701,7.33841,4.16389,792746435.66000,123000000.00000
600059.00000,古越龙,435513268.18000,163760075.02000,82678978.20000,71432630.93000,0.30684,4.81663,6.37046,4.16847,1713641040.89000,232800000.00000
600601.00000,方正科,3692870125.54000,359413638.04000,120015487.47000,100305043.56000,0.26873,1.57283,17.08605,4.19516,2390968339.73000,373249114.00000
600607.00000,上实联,1375417608.07000,309357651.54000,152437618.69000,101555626.95000,0.33132,4.50452,7.35542,4.19782,2419244774.61000,306512351.00000
600326.00000,西藏天,342566125.76000,61658042.36000,27038989.19000,23740493.87000,0.23740,3.74488,6.33945,4.20707,564299409.57000,100000000.00000
600133.00000,东湖高,475416974.00000,118401480.04000,59712784.60000,49173677.42000,0.17842,2.30548,7.73935,4.22408,1164127539.67000,275592200.00000
600252.00000,梧州中,189873619.75000,46859855.81000,30992350.12000,29071590.05000,0.22942,3.08320,7.44098,4.23635,686242226.65000,126717600.00000
600628.00000,新 世,1881094861.91000,329037712.56000,93969740.56000,78718891.84000,0.29621,3.07648,9.62824,4.24966,1852359538.00000,265752806.00000
600320.00000,振华港,2885460045.00000,321072098.00000,213603508.00000,191532232.00000,0.41956,3.95472,10.60925,4.28711,4467633868.00000,456500000.00000
600178.00000,东安动,1851434461.02000,396345520.64000,102858703.38000,90980561.67000,0.19689,3.09282,6.36615,4.29514,2118218985.40000,462080000.00000
600054.00000,黄山旅,398744553.00000,173420088.00000,75312842.00000,45812050.00000,0.15124,2.41306,6.26775,4.32234,1059890676.00000,302900000.00000
600308.00000,华泰股,714582177.72000,195260725.28000,139655374.16000,114240984.92000,0.59354,7.58869,7.82140,4.33333,2636332274.92000,192473308.00000
600861.00000,北京城,1281135445.46000,227709646.13000,118696573.03000,95152244.48000,0.23451,3.97179,5.90454,4.34805,2188390795.23000,405738946.00000
600280.00000,南京中,965856528.64000,162468257.28000,39956207.57000,34386723.00000,0.28357,3.55455,7.97783,4.35836,788983943.48000,121260873.00000
600269.00000,赣粤高,387201398.00000,239926683.06000,285084579.69000,179223382.96000,0.50771,7.45915,6.80661,4.38739,4084968361.79000,353000000.00000
600825.00000,华联超,3247882437.11000,442596179.31000,60527473.86000,50070042.75000,0.32455,1.58379,20.49200,4.40604,1136396053.74000,154275248.00000
600019.00000,宝钢股,29170795224.72000,5804756687.96000,3709559273.51000,2561211724.76000,0.20470,2.10119,9.74214,4.41268,58042061840.86000,12512000000.00000
600283.00000,钱江水,164882958.81000,98286952.51000,67794144.68000,52592742.09000,0.18432,2.99806,6.14806,4.41358,1191612669.74000,285330000.00000
600255.00000,鑫科材,698259168.09000,72191017.54000,36463557.93000,30013757.78000,0.31593,5.02784,6.28370,4.41406,679957712.83000,95000000.00000
600160.00000,巨化股,1267680160.82000,299226031.86000,100726773.17000,105209431.06000,0.28343,3.55715,7.96792,4.43851,2370377713.11000,371200000.00000
600156.00000,益 鑫,744256503.71000,108495111.44000,76644636.04000,66762649.35000,0.15211,2.74899,5.53343,4.44929,1500524699.58000,438900000.00000
600868.00000,梅雁股,663997470.28000,214144995.87000,185052533.36000,168615498.12000,0.16656,2.48863,6.69286,4.45201,3787405177.96000,1012337323.00000
600889.00000,南京化,333278922.45000,51670386.93000,41027507.28000,30203273.75000,0.18696,2.87073,6.51271,4.45205,678412677.51000,161547393.00000
600285.00000,羚锐股,172176395.86000,123282428.65000,29409452.21000,25107218.50000,0.25017,4.00348,6.24885,4.48042,560376578.20000,100360000.00000
600686.00000,厦门汽,1187590727.60000,196457497.21000,70439479.90000,44387526.45000,0.29295,2.04639,14.31557,4.49114,988334855.52000,151517592.00000
600378.00000,天科股,142808109.75000,38567430.68000,23632722.68000,23592631.30000,0.15682,2.73927,5.72500,4.50082,524185622.24000,150441070.00000
600896.00000,中海海,467624608.38000,60383581.60000,66242463.70000,48268832.35000,0.15213,2.50196,6.08052,4.50437,1071600257.14000,317282550.00000
600247.00000,物华股,82936540.03000,42772078.63000,27260532.78000,22682693.80000,0.20620,3.15279,6.54044,4.51224,502692176.13000,110000000.00000
600151.00000,航天机,1057301215.87000,257682070.47000,155291422.36000,99494953.65000,0.21266,2.52710,8.41552,4.55917,2182304826.90000,467840000.00000
600306.00000,商 业,997277848.59000,140217370.88000,29255467.17000,30352568.82000,0.17038,2.29892,7.41161,4.56245,665268597.47000,178138918.00000
600608.00000,上海科,319629313.38000,84148983.03000,29831049.55000,30119571.82000,0.19912,2.08522,9.54921,4.57620,658178693.52000,151262212.00000
600278.00000,东方创,2698563179.23000,341262549.77000,123993614.15000,95245046.09000,0.29764,2.96645,10.03355,4.57684,2081022025.44000,320000000.00000
600090.00000,啤 酒,684248372.84000,169086839.18000,81542203.75000,75961271.15000,0.20646,1.48603,13.89358,4.59852,1651864562.04000,367916646.00000
600829.00000,天鹅股,521117959.29000,145451777.25000,53842017.18000,44208252.81000,0.33448,3.79144,8.82209,4.60169,960695651.15000,132168300.00000
600376.00000,天鸿宝,273662875.06000,55450976.35000,47709752.24000,47709752.24000,0.44073,6.00164,7.34360,4.61591,1033594129.60000,108250000.00000
600183.00000,生益科,720009440.22000,107865469.23000,67279101.32000,63341324.67000,0.12906,1.97557,6.53292,4.62845,1368521099.30000,490781250.00000
600611.00000,大众交,1659108444.89000,452389408.77000,225829318.99000,210330036.56000,0.35131,3.55339,9.88663,4.62893,4543818946.59000,598701580.00000
600319.00000,亚星化,597642456.09000,112145063.01000,69355632.10000,61090729.31000,0.19357,3.13179,6.18093,4.63801,1317176244.53000,315594000.00000
600530.00000,交大昂,453323538.47000,304384699.16000,59603552.35000,54640914.53000,0.27320,4.44782,6.14243,4.65129,1174748264.56000,200000000.00000
600824.00000,益民百,731835064.67000,193217371.18000,62324371.38000,48899926.59000,0.25251,3.40264,7.42125,4.65180,1051205254.91000,193649092.00000
600222.00000,众生制,136082015.46000,71650796.06000,33155944.76000,29085631.50000,0.21363,3.05940,6.98296,4.66932,622909250.24000,136145240.00000
600633.00000,白猫股,206742353.36000,45274044.13000,22286422.62000,17758498.53000,0.11679,1.20111,9.72380,4.68319,379196981.08000,152050812.00000
600141.00000,兴发集,357164705.00000,96392490.93000,39115772.90000,33543638.71000,0.20964,2.51983,8.31991,4.69287,714778037.51000,160000000.00000
600103.00000,青山纸,918579192.98000,207361188.81000,131332712.18000,110469874.29000,0.15640,2.20435,7.09536,4.70178,2349532673.76000,706300000.00000
600729.00000,重庆百,2358293015.17000,285391898.39000,71341071.76000,58244159.92000,0.28551,2.08010,13.72583,4.71263,1235916344.67000,204000000.00000
600661.00000,交大南,350641430.30000,56751700.28000,39178491.64000,31290432.32000,0.21619,2.02482,10.67739,4.72135,662743338.26000,144730688.00000
600528.00000,中铁二,4038977082.15000,447063869.83000,164570788.40000,164151937.38000,0.40037,4.16312,9.61707,4.72909,3471109479.57000,410000000.00000
600297.00000,美罗药,612757456.07000,116123440.56000,41730323.96000,42215390.31000,0.36709,4.59578,7.98755,4.73831,890937379.85000,115000000.00000
600773.00000,西藏金,181131119.59000,53488856.92000,28746045.21000,24836497.07000,0.21210,2.88930,7.34092,4.75689,522116526.01000,117097440.00000
600321.00000,国栋建,341043684.00000,83634779.75000,73590584.92000,61904182.43000,0.35333,5.99529,5.89354,4.77856,1295455712.59000,175200000.00000
600100.00000,清华同,5012532073.09000,855036030.40000,432971392.00000,290758123.94000,0.50600,4.63503,10.91703,4.79390,6065172557.06000,574612295.00000
600165.00000,宁夏恒,255024733.47000,56229541.13000,55541842.56000,50600999.03000,0.20143,2.69685,7.46935,4.79750,1054737128.42000,251200000.00000
600007.00000,中国国,597067000.00000,312096000.00000,266713000.00000,178518000.00000,0.22314,2.67913,8.32911,4.80531,3715014000.00000,800000000.00000
600389.00000,江山股,588816716.13000,120790525.83000,48854632.43000,37470080.28000,0.24980,2.87879,8.67726,4.83193,775468283.95000,150000000.00000
600851.00000,海欣股,1090956908.33000,236123824.19000,167722501.94000,146122440.75000,0.29053,3.37971,8.59652,4.83798,3020321318.23000,502937490.00000
600207.00000,安彩高,1389600498.07000,401093642.88000,197357405.03000,146969532.59000,0.33402,4.88998,6.83074,4.83890,3037251480.11000,440000000.00000
600315.00000,上海家,1305853059.24000,469371651.58000,85330300.10000,72975839.93000,0.27028,3.96426,6.81794,4.85320,1503664685.46000,270000000.00000
600108.00000,亚盛集,642767794.21000,103407613.34000,96698716.54000,89444431.85000,0.14310,2.19209,6.52804,4.85392,1842727604.65000,625045200.00000
600506.00000,香梨股,99011673.34000,46486870.61000,29716025.17000,29716025.17000,0.18514,2.72189,6.80213,4.85615,611926094.76000,160500000.00000
600152.00000,维科精,1098689112.78000,153384101.75000,63232834.35000,47643603.77000,0.16233,2.01426,8.05916,4.85883,980556712.26000,293494200.00000
600785.00000,新华百,618233706.87000,95654720.65000,41934968.04000,35714937.74000,0.34710,4.42192,7.84975,4.88242,731501411.97000,102892500.00000
600664.00000,哈药集,5368313591.02000,2221310482.88000,393882918.17000,283799925.16000,0.53469,4.98409,10.72799,4.92169,5766309715.56000,530771558.00000
600395.00000,盘江股,493218189.56000,148615676.56000,79282591.64000,68594330.31000,0.18474,3.19286,5.78607,4.92971,1391446321.47000,371300000.00000
600884.00000,杉杉股,730459982.80000,239660998.52000,105633071.78000,82386966.50000,0.30078,4.65123,6.46681,4.93089,1670834967.00000,273905498.00000
600616.00000,第一食,586193791.14000,112506234.56000,34876021.17000,27158555.52000,0.21396,2.43815,8.77569,4.96111,547429430.96000,126930408.00000
600422.00000,昆明制,488239996.06000,199971922.97000,49665124.61000,38321612.07000,0.39031,5.28475,7.38578,5.01603,763982918.44000,98180000.00000
600833.00000,PT网点,263233128.31000,55869433.43000,28302820.78000,24234052.66000,0.15208,1.03876,14.64079,5.01989,482760968.44000,159347391.00000
600316.00000,洪都航,441676090.51000,63412174.40000,63430563.14000,63430563.14000,0.30205,5.03007,6.00489,5.06298,1252831134.34000,210000000.00000
600857.00000,工大首,595723144.21000,67309173.95000,25999036.43000,23433997.01000,0.12186,1.68009,7.25358,5.06798,462393430.58000,192291840.00000
600599.00000,浏阳花,197170030.69000,42618937.50000,25870676.73000,17790096.30000,0.25414,3.87663,6.55580,5.07930,350247095.81000,70000000.00000
600279.00000,重庆港,102966231.56000,35447380.97000,51431840.40000,43582411.85000,0.19082,3.09958,6.15643,5.10321,854019757.88000,228390960.00000
600589.00000,广东榕,274612886.08000,60770292.61000,46488084.99000,35227474.64000,0.22017,3.40941,6.45777,5.11748,688375246.37000,160000000.00000
600074.00000,南京中,516895765.22000,164476141.46000,88649251.03000,75806858.82000,0.52425,4.09650,12.79756,5.13636,1475885969.90000,144600000.00000
600241.00000,辽宁时,1363036869.49000,103736445.94000,48913747.25000,31821594.66000,0.30020,3.60241,8.33342,5.13680,619483000.48000,106000000.00000
600215.00000,长春经,782679711.54000,238212479.44000,195150316.97000,138632093.09000,0.45304,5.18199,8.74271,5.14646,2693734441.38000,306000000.00000
600191.00000,华资实,608200078.22000,143784001.11000,81562987.09000,71153880.29000,0.23476,3.46307,6.77917,5.18034,1373536924.99000,303082500.00000
600305.00000,恒顺醋,174095031.03000,59860417.82000,36683482.20000,24622275.76000,0.19364,2.94982,6.56473,5.20180,473341306.00000,127150000.00000
600311.00000,荣华实,479606024.58000,95022991.50000,68603975.62000,64777145.36000,0.32388,4.77586,6.78173,5.20441,1244658168.84000,200000000.00000
600823.00000,世茂股,50927621.46000,9401886.21000,46503518.17000,43051235.00000,0.18207,1.98340,9.18008,5.20536,827055212.50000,236444777.00000
600606.00000,N 金丰,640566916.04000,215630313.91000,94848229.09000,75615913.53000,0.45884,1.73210,26.49090,5.21165,1450902957.24000,164794737.00000
600687.00000,新宇软,204506102.27000,56032948.00000,23047306.23000,20660030.93000,0.18781,1.84613,10.17364,5.21281,396332073.20000,109999979.00000
600377.00000,宁沪高,1625991870.00000,1017568384.00000,940590062.00000,780863985.00000,0.15500,2.67393,5.79682,5.23564,14914399845.00000,5037747500.00000
600253.00000,天方药,383343918.57000,149234573.30000,74791263.45000,54039775.60000,0.25733,3.40659,7.55395,5.26629,1026145160.58000,210000000.00000
600106.00000,重庆路,136887998.00000,91458761.01000,81243709.34000,70076945.79000,0.22605,2.87492,7.86299,5.28198,1326717880.71000,310000000.00000
600747.00000,大显股,745108381.78000,217785544.86000,126036062.95000,100693217.61000,0.30775,3.87611,7.93981,5.28261,1906124561.52000,327186000.00000
600210.00000,紫江企,1138597790.31000,350555540.44000,256241315.05000,197856021.84000,0.36210,2.69112,13.45566,5.29376,3737533613.92000,546400071.00000
600863.00000,内蒙华,1432021522.04000,255670107.78000,257807290.36000,220205633.68000,0.22229,3.75360,5.92212,5.29409,4159461837.51000,990610000.00000
600391.00000,成发科,204419390.08000,71977114.95000,35124542.65000,35124542.65000,0.25088,3.00391,8.35210,5.29532,663312716.83000,140000000.00000
600383.00000,金地集,662936120.72000,220022833.80000,141146722.87000,120277004.31000,0.44547,4.72205,9.43383,5.29870,2269934364.28000,270000000.00000
600217.00000,秦岭水,440543527.92000,184553026.99000,72308359.56000,59688461.95000,0.14452,1.66906,8.65899,5.33743,1118300155.79000,413000000.00000
600720.00000,祁 连,266834785.30000,87800638.67000,61806231.77000,52064495.65000,0.15006,1.57932,9.50167,5.35144,972906072.63000,346954252.00000
600289.00000,亿阳信,620377092.59000,217536811.81000,97106422.68000,73453236.18000,0.69367,8.39274,8.26518,5.38036,1365211191.79000,105890000.00000
600078.00000,澄星股,586096155.58000,109219606.31000,66393561.67000,59407924.21000,0.32993,3.52204,9.36761,5.38156,1103916161.73000,180061968.00000
600239.00000,红河光,69411949.75000,32327933.05000,24534959.48000,20202572.48000,0.20505,3.36643,6.09126,5.44145,371272052.85000,98521200.00000
600666.00000,西南药,305021457.91000,100196917.65000,22874107.92000,19450360.59000,0.13072,1.60357,8.15186,5.44538,357189886.19000,148792973.00000
600275.00000,武 昌,89777756.73000,35867269.99000,59679811.27000,48489364.28000,0.19825,3.02255,6.55920,5.46366,887488065.67000,244580900.00000
600718.00000,东软股,1758647799.00000,498264238.00000,151628987.00000,135134213.00000,0.48013,4.23524,11.33660,5.49891,2457471215.00000,281451690.00000
600697.00000,欧亚集,613889604.32000,53300887.09000,47528884.06000,39659548.46000,0.32312,3.44067,9.39136,5.51183,719535331.76000,122737187.00000
600071.00000,凤凰光,313599930.80000,74250392.98000,41686888.50000,36476355.00000,0.15360,1.70480,9.00997,5.51836,660999613.37000,237472456.00000
600223.00000,万杰高,1002739562.61000,172220469.03000,149212556.28000,139727108.56000,0.26056,3.21982,8.09248,5.52045,2531082903.11000,536250000.00000
600498.00000,烽火通,1800584835.55000,579623925.44000,167435299.44000,167435299.44000,0.40837,5.50671,7.41602,5.53244,3026427557.96000,410000000.00000
600209.00000,罗顿发,532752166.27000,117533277.09000,72812001.10000,55817361.42000,0.23677,2.18581,10.83231,5.53708,1008064084.79000,235741864.00000
600233.00000,大连创,297481562.42000,49391375.86000,47134634.02000,30598869.48000,0.27817,3.80423,7.31217,5.55415,550918595.17000,110000000.00000
600837.00000,PT农商,215386597.44000,30881221.35000,28984493.82000,26540039.84000,0.40677,3.59605,11.31174,5.58062,475575362.18000,65244920.00000
600854.00000,春兰股,1762227348.47000,412910042.63000,289740929.75000,230967177.56000,0.44463,5.64901,7.87094,5.63086,4101806908.71000,519458538.00000
600518.00000,康美药,380800449.01000,76214192.89000,43716438.03000,29156880.21000,0.41182,5.15678,7.98601,5.63300,517608796.26000,70800000.00000
600337.00000,美克股,271268383.76000,86046723.95000,52306471.92000,43974563.71000,0.47756,6.77114,7.05301,5.64138,779500299.00000,92080000.00000
600339.00000,天利高,335500984.00000,98051860.23000,60402590.28000,51653206.57000,0.21703,2.64581,8.20278,5.73960,899944505.59000,238000000.00000
600062.00000,双鹤药,2382656799.00000,864307126.00000,193361968.00000,157710419.00000,0.46482,3.78073,12.29463,5.74268,2746287258.00000,339289000.00000
600548.00000,深 高,604518644.00000,418718481.00000,405160019.00000,401936897.00000,0.18431,2.32519,7.92690,5.74524,6995999210.00000,2180700000.00000
600101.00000,明星电,248241750.84000,130416230.68000,85449421.68000,78321880.48000,0.46124,5.83999,7.89805,5.74942,1362256060.44000,169805367.00000
600081.00000,东风科,600031975.13000,98672443.84000,59845643.99000,50448244.78000,0.25098,1.92277,13.05336,5.74975,877399121.32000,201000000.00000
600105.00000,永鼎光,1268639017.25000,267796913.90000,95259673.15000,76418544.70000,0.30615,2.74697,11.14507,5.79156,1319481929.25000,249610426.00000
600762.00000,金荔科,115062162.70000,45770195.67000,32709692.87000,32709692.87000,0.30956,2.17908,14.20616,5.79362,564580968.83000,105664000.00000
600067.00000,福州大,403493282.02000,72633607.14000,28986451.60000,32358470.67000,0.30814,2.88591,10.67744,5.81473,556491514.71000,105011660.00000
600832.00000,东方明,615867324.29000,314594276.48000,263086296.93000,229298765.56000,0.33326,3.94523,8.44740,5.84768,3921194409.67000,688028710.00000
600295.00000,鄂尔多,2427947819.00000,616090562.00000,318819762.00000,230683893.00000,0.44706,5.66756,7.88808,5.89787,3911307692.00000,516000000.00000
600038.00000,哈飞股,319727564.58000,69452787.93000,64598299.32000,54518187.85000,0.36345,4.46570,8.13880,5.90362,923470600.72000,150000000.00000
600195.00000,中牧股,1524955200.18000,305527209.26000,86971353.85000,89141644.07000,0.22856,2.12524,10.75495,5.90555,1509455278.04000,390000000.00000
600138.00000,青旅控,1308568835.55000,216274395.71000,119913525.91000,103024203.28000,0.38585,4.06433,9.49378,5.91826,1740785901.83000,267000000.00000
600662.00000,强生控,843572427.46000,252771798.56000,129714429.11000,103533599.78000,0.33502,3.03003,11.05673,5.96841,1734693052.01000,309034440.00000
600796.00000,钱江生,200244518.55000,62948366.45000,28818175.59000,26316321.44000,0.24706,2.34749,10.52482,5.98176,439942417.32000,106514000.00000
600393.00000,东华实,217242317.81000,125237988.18000,71193067.84000,47033493.21000,0.23516,2.10775,11.15727,5.99389,784690368.04000,200000000.00000
600588.00000,用友软,333483187.00000,304436611.00000,79239368.00000,70400601.00000,0.70400,10.02318,7.02378,6.02814,1167865248.00000,100000000.00000
600761.00000,安徽合,528558651.79000,127573480.61000,73146248.46000,61445709.15000,0.30026,3.27426,9.17057,6.09279,1008499459.02000,204636311.00000
600237.00000,铜峰电,214926962.90000,66918737.71000,49220702.29000,40257235.50000,0.40257,4.53750,8.87212,6.10363,659562273.01000,100000000.00000
600196.00000,复星实,727844514.13000,271368300.00000,152676952.56000,135517563.63000,0.46132,4.30278,10.72146,6.13946,2207320380.54000,293760000.00000
600795.00000,国电电,2934008688.40000,888038726.42000,756370998.17000,552344646.47000,0.66960,5.18581,12.91230,6.21829,8882586043.62000,824878080.00000
600111.00000,稀土高,315427395.05000,108859696.86000,81741452.10000,80568683.18000,0.19958,2.52710,7.89791,6.22768,1293718483.03000,403674000.00000
600350.00000,山东基,792574490.00000,519897665.00000,446759203.00000,391369977.00000,0.13690,1.57935,8.66813,6.23914,6272817073.00000,2858800000.00000
600238.00000,海南椰,418632791.22000,253441041.87000,48494935.21000,44191063.07000,0.26621,2.48839,10.69814,6.24514,707607564.72000,166000000.00000
600750.00000,江中药,354965944.99000,132904703.42000,70212740.73000,40243819.24000,0.27543,3.58328,7.68657,6.29526,639271897.00000,146112000.00000
600626.00000,申达股,3125233764.67000,314088201.54000,180795653.15000,143786987.43000,0.42514,3.52608,12.05701,6.32113,2274702411.69000,338210865.00000
600764.00000,三星石,508727341.18000,64573572.00000,45558333.22000,31806802.30000,0.17363,2.29949,7.55104,6.36458,499747015.41000,183181658.00000
600055.00000,万东医,327415196.01000,108483556.23000,38046190.24000,32094634.51000,0.28914,3.09978,9.32779,6.38974,502284171.82000,111000000.00000
600189.00000,吉林森,612949833.12000,172711209.88000,128904235.08000,110327716.81000,0.35532,3.88182,9.15350,6.44432,1712013980.09000,310500000.00000
600777.00000,新潮实,664041861.87000,148041160.28000,87042202.50000,71927213.12000,0.35108,3.45574,10.15957,6.44916,1115296079.96000,204869501.00000
600212.00000,XR江泉,835373006.91000,130339850.03000,95776374.71000,75790647.57000,0.34603,4.11557,8.40803,6.45623,1173914456.39000,219024000.00000
600714.00000,山川股,153067493.41000,48458748.63000,25238325.66000,22490786.98000,0.20861,2.01667,10.34427,6.48532,346795419.73000,107812500.00000
600418.00000,江汽股,1989381523.15000,218323400.86000,104241306.17000,88962410.67000,0.38679,4.47615,8.64120,6.48711,1371371007.72000,230000000.00000
600120.00000,浙江东,3103369601.54000,295155327.31000,161266442.68000,103172610.88000,0.45720,3.08217,14.83396,6.57616,1568888137.58000,225657792.00000
600649.00000,原水股,750508358.32000,410091805.11000,457470202.47000,387757392.06000,0.20577,2.52064,8.16352,6.58993,5884090487.81000,1884395014.00000
600782.00000,新华股,292873428.11000,56644712.72000,31300927.84000,26440873.18000,0.13684,1.37892,9.92391,6.59606,400858724.56000,193220374.00000
600509.00000,天富热,352341415.32000,114860147.47000,51640940.21000,43866237.25000,0.40212,1.88865,21.29186,6.60700,663935917.90000,109085000.00000
600855.00000,航天长,131492819.98000,50316189.59000,21278883.30000,19898881.91000,0.12430,1.24018,10.02320,6.62137,300525212.43000,160080000.00000
600488.00000,天药股,509338669.47000,129317030.13000,88603816.81000,75362245.23000,0.50575,4.75965,10.62592,6.64558,1134021405.55000,149008883.00000
600232.00000,金鹰股,629816887.91000,89478024.34000,68139679.78000,55013969.28000,0.25137,2.01070,12.50190,6.68848,822518289.75000,218851880.00000
600300.00000,维维股,1082538633.83000,196948137.16000,146952526.16000,116097029.31000,0.35180,3.87451,9.08010,6.70826,1730656585.97000,330000000.00000
600110.00000,长春热,115414315.92000,65557628.35000,55732505.97000,50983367.25000,0.27465,2.97892,9.22007,6.76187,753983207.46000,185624330.00000
600866.00000,星湖科,440054866.86000,151535196.97000,76238388.23000,67754594.17000,0.20803,2.31010,9.00543,6.76496,1001551948.17000,325689081.00000
600651.00000,飞乐音,599645542.08000,138217330.56000,123319996.73000,102722237.53000,0.24217,1.49918,16.15383,6.85258,1499029317.52000,424165123.00000
600834.00000,申通地,274507605.43000,106835518.81000,78186197.18000,65518488.43000,0.16606,1.40478,11.82159,6.91391,947632850.50000,394530500.00000
600063.00000,皖维高,507444659.31000,139726515.13000,84976359.48000,77153983.98000,0.30507,2.43175,12.54556,6.92469,1114187220.55000,252900000.00000
600356.00000,恒丰纸,368794220.69000,130584954.08000,67593480.42000,45694782.86000,0.32639,3.50567,9.31039,6.96560,656006785.57000,140000000.00000
600258.00000,首旅股,1209063699.54000,334993289.64000,100504144.84000,77328536.06000,0.33417,3.01785,11.07335,6.97708,1108321593.39000,231400000.00000
600779.00000,全兴股,1144355034.75000,400360088.86000,218999722.66000,172784822.25000,0.38903,2.73434,14.22787,6.97974,2475520565.04000,444132453.24000
600066.00000,宇通客,1579515325.08000,320406780.38000,122354700.06000,98425147.00000,0.71988,6.24331,11.53048,7.01048,1403971748.22000,136723661.00000
600292.00000,九龙电,313817068.00000,90866924.39000,90629938.68000,75612070.37000,0.45209,4.69510,9.62898,7.06232,1070640230.99000,167250000.00000
600398.00000,凯诺科,421605255.47000,152771814.21000,82925366.09000,68763930.34000,0.41829,3.63548,11.50588,7.08736,970233557.13000,164391411.00000
600520.00000,三佳模,82860000.54000,40435685.71000,31985997.10000,21270414.89000,0.33870,3.53146,9.59097,7.09903,299624293.88000,62800000.00000
600583.00000,海油工,1207134853.56000,188265111.99000,127229375.51000,103701562.53000,0.61000,2.57073,23.72906,7.16346,1447647121.28000,170000000.00000
600276.00000,恒瑞医,634268947.69000,371069659.74000,97665461.26000,81155081.32000,0.38179,3.49577,10.92171,7.25231,1119024142.95000,212560000.00000
600674.00000,川投控,653868294.84000,116347893.81000,86876507.84000,68414586.82000,0.17714,1.49722,11.83156,7.28007,939751373.86000,386208464.00000
600887.00000,伊利股,2701983031.90000,776428184.75000,141055433.53000,119676679.62000,0.81595,5.68256,14.35890,7.30138,1639096124.79000,146671070.00000
600724.00000,宁波富,684320495.25000,189383012.75000,91946257.54000,71080868.93000,0.19507,1.45632,13.39539,7.32023,971019274.50000,364368856.00000
600310.00000,桂东电,279808520.97000,107101113.58000,75022518.32000,59396513.71000,0.37892,3.73456,10.14645,7.34140,809062877.63000,156750000.00000
600125.00000,铁龙股,349241907.49000,191289235.88000,82924392.06000,61755800.64000,0.32370,2.88353,11.22613,7.34235,841089919.84000,190776000.00000
600400.00000,红豆股,457048255.19000,98771433.53000,75274892.31000,56491430.53000,0.31467,3.23440,9.72902,7.36530,766994140.96000,179523000.00000
600895.00000,张江高,614936131.40000,276204242.06000,240448201.50000,202441946.24000,0.43297,4.49224,9.63820,7.36786,2747636064.69000,467565000.00000
600037.00000,歌华有,328643006.49000,169261358.53000,154830535.83000,142347206.38000,0.52721,6.03661,8.73358,7.39263,1925527358.85000,270000000.00000
600161.00000,天坛生,155001448.86000,88055304.17000,40769650.50000,34345677.02000,0.17888,1.50595,11.87844,7.41294,463320778.77000,192000000.00000
600180.00000,九发股,538244390.33000,114077006.77000,84023230.93000,75604190.48000,0.30122,3.19524,9.42726,7.42883,1017713822.80000,250990080.00000
600298.00000,安琪酵,237579144.72000,96358904.23000,58615346.99000,49413552.82000,0.36413,4.06761,8.95214,7.43316,664771463.26000,135700000.00000
600200.00000,江苏吴,668554095.39000,176902647.09000,96639037.06000,83195604.04000,0.30012,2.70632,11.08993,7.52501,1105587920.22000,277200000.00000
600302.00000,标准股,519188085.85000,171818894.18000,88925741.95000,70373170.10000,0.22059,2.04053,10.81086,7.55246,931791460.69000,319009804.00000
600819.00000,耀皮玻,1044916707.39000,402545750.55000,188041638.09000,162381850.50000,0.33309,3.41302,9.75941,7.62898,2128488290.88000,487500000.00000
600011.00000,华能国,15816656338.00000,5457432415.00000,4422515755.00000,3636064244.00000,0.60601,4.52093,13.40457,7.69868,47229708718.00000,6000000000.00000
600001.00000,邯郸钢,7237152677.43000,882152505.69000,773302287.42000,670708100.13000,0.45118,4.19002,10.76804,7.71733,8690935977.29000,1486553100.00000
600569.00000,安阳钢,5947481443.94000,1031727871.07000,703523936.61000,470730259.54000,0.34985,3.19543,10.94868,7.75690,6068533586.00000,1345490259.00000
600104.00000,上海汽,3705234168.11000,955363370.17000,855301949.25000,787222437.47000,0.31238,3.22617,9.68300,7.82969,10054325600.55000,2519999300.00000
600880.00000,博瑞传,277902609.63000,83691525.89000,31084696.34000,29598722.62000,0.22736,1.72266,13.19860,7.91187,374105275.62000,130180050.00000
600307.00000,酒钢宏,3415606308.84000,367882643.66000,253575640.58000,267263324.74000,0.36711,2.86123,12.83085,7.94452,3364122729.88000,728000000.00000
600333.00000,长春燃,406832856.91000,107963967.58000,102911001.16000,83689357.04000,0.34996,3.02211,11.58017,7.95597,1051906214.92000,239136000.00000
600282.00000,南钢股,4001026137.19000,369838904.72000,241469332.65000,206185874.19000,0.40909,3.17494,12.88523,7.98490,2582196411.05000,504000000.00000
600219.00000,南山实,1034029861.60000,245935934.69000,171853851.06000,145043587.12000,0.56437,4.98200,11.32822,8.05511,1800640165.06000,257000000.00000
600726.00000,龙电股,1188046509.34000,343656107.54000,312922344.37000,281644119.57000,0.25118,2.57547,9.75294,8.05777,3495309851.84000,1121264960.00000
600096.00000,云 天,885550116.57000,244579592.81000,182949098.62000,154547942.81000,0.41975,3.23400,12.97957,8.06766,1915646577.10000,368181800.00000
600197.00000,伊 力,351640124.05000,101857455.97000,88776003.89000,76769722.59000,0.34816,3.34954,10.39432,8.08376,949678163.48000,220500000.00000
600366.00000,宁波韵,418837703.43000,101073541.55000,76586248.98000,64792884.02000,0.33985,2.95017,11.51976,8.11404,798527807.08000,190650000.00000
600236.00000,桂冠电,639648361.60000,344616566.68000,297651997.31000,251139876.36000,0.37185,3.70360,10.04046,8.12802,3089803912.42000,675363033.00000
600102.00000,莱钢股,4988201238.39000,829443757.78000,539338832.21000,455789435.75000,0.52318,3.70969,14.10320,8.14931,5592984827.21000,871182000.00000
600555.00000,茉 织,1894759527.00000,403306849.00000,256479302.00000,208353790.00000,0.47952,4.74458,10.10680,8.16484,2551841729.00000,434500000.00000
600739.00000,辽宁成,1486697568.47000,188341290.00000,127401775.98000,113903627.29000,0.46008,3.23984,14.20081,8.17023,1394130024.71000,247572000.00000
600323.00000,南海发,218424013.96000,107803192.36000,91224668.04000,73185827.82000,0.35098,3.25433,10.78524,8.18873,893738048.34000,208514168.00000
600641.00000,中远发,761546076.85000,307938367.76000,264906521.81000,225649128.94000,0.61340,3.14254,19.51923,8.24277,2737539333.88000,367865971.00000
600287.00000,江苏舜,2960898976.23000,328226357.33000,149460269.80000,122745000.27000,0.73063,4.12430,17.71527,8.25492,1486931989.34000,167998490.00000
600261.00000,浙江阳,583300519.14000,143717404.63000,77611063.29000,64153269.43000,0.52089,4.40196,11.83323,8.40549,763230271.67000,123160000.00000
600780.00000,通宝能,265718724.24000,101591999.41000,70924958.07000,58804501.60000,0.27262,2.44303,11.15945,8.51075,690943782.08000,215694612.00000
600711.00000,雄震集,66132373.52000,33303188.75000,19332112.55000,16600491.50000,0.27502,1.28549,21.39456,8.51254,195012282.72000,60360000.00000
600009.00000,上海机,1156530353.07000,603568627.39000,667133772.46000,566761204.82000,0.40130,3.55528,11.28748,8.56399,6617955482.06000,1412307000.00000
600380.00000,太太药,678817966.55000,490103634.30000,219098358.44000,200618059.90000,0.74006,7.30837,10.12632,8.62002,2327350377.63000,271080000.00000
600260.00000,凯乐科,430840854.81000,133160892.36000,105268549.28000,90506409.25000,0.51459,4.66233,11.03723,8.63113,1048604486.59000,175880000.00000
600636.00000,三 爱,564120930.07000,130972253.84000,81109532.54000,48879993.07000,0.42114,2.33799,18.01320,8.63790,565877985.05000,116064000.00000
600168.00000,武汉控,231474536.00000,124107428.90000,156424038.61000,132746876.53000,0.30091,2.97244,10.12337,8.63869,1536654347.54000,441150000.00000
600775.00000,南京熊,861560250.38000,68384546.54000,179015515.84000,179419413.19000,0.27391,1.43367,19.10593,8.66874,2069729224.33000,655015000.00000
600508.00000,上海能,1465662821.80000,433824480.83000,198646534.44000,165454534.37000,0.41208,3.58395,11.49796,8.69628,1902588812.40000,401510000.00000
600642.00000,申能股,2004831864.10000,772795012.64000,1011767229.70000,864939742.05000,0.52963,3.08734,17.15507,8.72984,9907849920.62000,1633087769.00000
600220.00000,江苏阳,804157342.63000,239894382.12000,160606672.34000,126233557.94000,0.40410,4.09698,9.86338,8.77008,1439366015.14000,312381652.00000
600188.00000,兖州煤,6469352955.00000,3557065177.00000,1391875094.00000,1000387449.00000,0.34856,3.03949,11.46796,8.81381,11350223177.00000,2870000000.00000
600690.00000,青岛海,11441823199.86000,1903719236.15000,897880145.49000,617838607.38000,0.77457,6.18340,12.52668,8.89949,6942405040.36000,797648282.00000
600879.00000,火箭股,468558607.30000,193568556.41000,126817856.73000,110384050.72000,0.47105,3.17669,14.82852,8.95831,1232197309.05000,234333196.00000
600205.00000,山东铝,2253429067.11000,417276566.41000,256692966.49000,224801342.83000,0.40143,2.31269,17.35772,8.98230,2502715724.09000,560000000.00000
600660.00000,福耀玻,938287622.00000,356160973.00000,154811857.00000,152153548.00000,0.37332,1.36682,27.31359,9.00993,1688731889.00000,407560825.00000
600018.00000,上港集,2138473790.45000,1287204848.82000,1203080320.42000,705706608.25000,0.78220,5.09241,15.36025,9.14181,7719551457.75000,902200000.00000
600725.00000,云维股,255878969.33000,101252158.38000,66035483.11000,45670133.71000,0.41518,3.34911,12.39683,9.15620,498788948.20000,110000000.00000
600231.00000,凌钢股,1858681308.35000,243587468.77000,164945104.28000,163630334.16000,0.52783,4.09723,12.88284,9.16760,1784876887.71000,310000000.00000
600085.00000,同 仁,1611670549.32000,636381878.34000,258845287.28000,199506488.78000,0.60128,3.75110,16.02956,9.24047,2159051157.21000,331799933.00000
600008.00000,首创股,177748031.03000,100042637.31000,485614802.19000,482015769.38000,0.43819,3.58173,12.23420,9.38878,5133953342.35000,1100000000.00000
900949.00000,东电Ｂ,3370277286.61000,1139871211.52000,963055067.04000,734057844.37000,0.36520,2.66958,13.68016,9.39136,7816313776.25000,2010000000.00000
600798.00000,宁波海,265458300.34000,93008158.06000,98910482.84000,87851700.89000,0.17162,1.46229,11.73689,9.47534,927161939.13000,511875000.00000
600519.00000,贵州茅,1618046660.30000,1012623342.76000,607278206.25000,328290723.13000,1.31316,10.12366,12.97122,9.47889,3463388734.98000,250000000.00000
600717.00000,天 津,1000674677.25000,513810857.94000,339592666.99000,269841009.31000,0.40894,2.41515,16.93228,9.59260,2813011389.44000,659853799.00000
600171.00000,DR上海,783607621.41000,219553872.88000,166110958.61000,149043729.86000,0.34307,2.93771,11.67833,9.67504,1540497199.02000,434434000.00000
600368.00000,五洲交,137184467.00000,91356922.93000,121926550.84000,131238329.52000,0.29691,2.34744,12.64864,9.73596,1347975844.76000,442000000.00000
600330.00000,天通股,269043679.61000,108460012.56000,73702218.21000,69220669.17000,0.30165,2.40082,12.56463,9.80970,705634714.85000,229470000.00000
600270.00000,外运发,1471924808.85000,917978519.11000,465784814.47000,230878579.27000,0.75728,5.08223,14.90069,10.28593,2244605062.46000,304876000.00000
600098.00000,广州控,3907556249.30000,1637235777.77000,1334451370.83000,942831079.97000,0.75257,3.83313,19.63353,10.33073,9126466813.69000,1252800000.00000
600742.00000,一汽四,2137738469.91000,297491684.80000,179757514.80000,142564856.09000,0.67399,4.94890,13.61900,10.47238,1361341406.75000,211523400.00000
600202.00000,哈 空,273457959.36000,94409673.48000,68241100.54000,64080147.67000,0.28685,1.57692,18.19062,10.48663,611065361.58000,223392000.00000
600177.00000,雅 戈,1751468482.35000,730768594.86000,417517138.75000,347171883.67000,0.61111,3.29380,18.55349,10.52590,3298264448.07000,568095052.00000
600005.00000,武钢股,6326621633.73000,913330788.96000,822319165.27000,703141313.66000,0.33635,2.23426,15.05440,10.57813,6647126065.29000,2090480000.00000
600006.00000,东风汽,4430827338.72000,921219220.22000,621302889.76000,537370232.74000,0.53737,2.95788,18.16742,10.85951,4948382387.06000,1000000000.00000
600126.00000,杭钢股,4315219411.94000,576643644.28000,410940497.61000,342481281.45000,0.53070,3.16729,16.75568,10.88014,3147764200.01000,645337500.00000
600226.00000,升华拜,374736830.31000,97923752.67000,76223396.07000,69677188.34000,0.27486,1.87347,14.67158,10.88461,640144004.72000,253494144.00000
600145.00000,四维瓷,309875559.88000,145231845.41000,89101928.84000,78601070.29000,0.31758,1.67398,18.97157,10.92550,719427405.04000,247500000.00000
600367.00000,红星发,357386635.94000,178423962.96000,101580687.26000,80238459.20000,0.80238,5.65192,14.19667,11.07745,724340334.64000,100000000.00000
600317.00000,营 口,203907082.19000,100868206.87000,70503204.15000,45936292.18000,0.30624,1.67347,18.29976,11.89990,386022368.49000,150000000.00000
600845.00000,PT宝信,396445839.89000,99339522.20000,38458682.46000,38539147.21000,0.14695,1.00243,14.66023,11.97615,321799251.74000,262244070.00000
600087.00000,南京水,485985818.64000,143985972.59000,135718864.84000,115539888.55000,0.48277,3.38719,14.25306,12.03911,959704375.24000,239323072.00000
600135.00000,乐凯胶,638148274.52000,276134639.44000,168865174.00000,139866344.21000,0.40896,2.83696,14.41562,12.08895,1156977070.47000,342000000.00000
600309.00000,烟台万,571288456.37000,204088816.91000,114391400.66000,100728393.18000,0.41970,2.72416,15.40665,13.86096,726705994.50000,240000000.00000
600874.00000,创业环,595986000.00000,431558000.00000,399345000.00000,267634000.00000,0.20122,1.17886,17.06971,13.88875,1926984000.00000,1330000000.00000
600256.00000,广汇股,2071830087.00000,438433177.00000,356120928.00000,304121623.00000,0.50566,1.41779,35.66561,14.38535,2114105971.00000,601431420.00000
600345.00000,长江通,389556202.33000,59264065.07000,197859128.36000,199529581.03000,1.20927,5.40481,22.37395,14.95774,1333955438.81000,165000000.00000
600756.00000,浪潮软,332159821.38000,85543854.82000,56590488.71000,52319381.49000,0.31666,1.65557,19.12712,15.07475,347066331.48000,165220800.00000
600658.00000,兆维科,528593331.38000,73815386.51000,104811484.84000,101756251.05000,0.60923,1.64751,36.97921,15.26661,666528294.25000,167023116.00000
600428.00000,中远航,535117598.11000,126005443.73000,104172683.75000,85675035.82000,0.37250,1.56701,23.77133,16.25903,526938153.74000,230000000.00000
600582.00000,天地科,178837797.41000,66291792.79000,32395824.07000,31200594.18000,0.62401,2.11480,29.50694,17.83346,174955364.69000,50000000.00000
600536.00000,中软股,325209334.56000,77179131.68000,35175580.95000,30106690.62000,0.55575,1.38234,40.20374,18.40036,163620137.41000,54172824.00000
